{"loss": 9.13437271118164, "_runtime": 569, "_timestamp": 1630863188, "_step": 1115, "accuracy": 0.65625, "gradients/fcl.bias": {"_type": "histogram", "values": [17861.0, 0.0, 1.0, 0.0, 0.0, 0.0, 0.0, 0.0, 0.0, 0.0, 0.0, 0.0, 0.0, 0.0, 0.0, 0.0, 0.0, 0.0, 0.0, 0.0, 0.0, 0.0, 0.0, 0.0, 0.0, 0.0, 0.0, 0.0, 0.0, 1.0, 0.0, 0.0, 0.0, 0.0, 0.0, 0.0, 0.0, 0.0, 0.0, 0.0, 0.0, 0.0, 0.0, 0.0, 0.0, 0.0, 0.0, 0.0, 0.0, 0.0, 0.0, 0.0, 0.0, 0.0, 0.0, 0.0, 0.0, 0.0, 0.0, 0.0, 0.0, 0.0, 0.0, 1.0], "bins": [6.714058748937468e-15, 4.257522112638412e-11, 8.514373234236317e-11, 1.277122435583422e-10, 1.7028074783542735e-10, 2.128492521125125e-10, 2.5541777026738544e-10, 2.979862745444706e-10, 3.405547788215557e-10, 3.8312328309864085e-10, 4.25691787375726e-10, 4.682603194083867e-10, 5.108288236854719e-10, 5.53397327962557e-10, 5.959658322396422e-10, 6.385343365167273e-10, 6.811028407938124e-10, 7.236713450708976e-10, 7.662398493479827e-10, 8.088083536250679e-10, 8.51376857902153e-10, 8.939453621792381e-10, 9.365138664563233e-10, 9.790823707334084e-10, 1.0216508750104936e-09, 1.0642193792875787e-09, 1.1067878835646638e-09, 1.149356387841749e-09, 1.1919248921188341e-09, 1.2344933963959193e-09, 1.2770619006730044e-09, 1.3196304049500895e-09, 1.3621989092271747e-09, 1.4047674135042598e-09, 1.447335917781345e-09, 1.48990442205843e-09, 1.5324729263355152e-09, 1.5750414306126004e-09, 1.6176099348896855e-09, 1.6601784391667707e-09, 1.7027469434438558e-09, 1.745315447720941e-09, 1.787883951998026e-09, 1.8304524562751112e-09, 1.873021071574499e-09, 1.9155894648292815e-09, 1.958158080128669e-09, 2.0007264733834518e-09, 2.0432950886828394e-09, 2.085863703982227e-09, 2.1284320972370097e-09, 2.1710007125363973e-09, 2.21356910579118e-09, 2.2561377210905675e-09, 2.2987061143453502e-09, 2.341274729644738e-09, 2.3838431228995205e-09, 2.426411738198908e-09, 2.4689801314536908e-09, 2.5115487467530784e-09, 2.554117140007861e-09, 2.5966857553072487e-09, 2.6392541485620313e-09, 2.681822763861419e-09, 2.7243911571162016e-09]}, "gradients/fcl.weight": {"_type": "histogram", "values": [1.0, 0.0, 1.0, 4.0, 1.0, 4.0, 8.0, 15.0, 25.0, 76.0, 146.0, 71.0, 112.0, 130.0, 155.0, 118.0, 252.0, 370.0, 352.0, 533.0, 823.0, 16777216.0, 1206.0, 608.0, 662.0, 622.0, 526.0, 473.0, 505.0, 444.0, 306.0, 302.0, 326.0, 235.0, 289.0, 196.0, 95.0, 100.0, 81.0, 77.0, 62.0, 102.0, 69.0, 22.0, 63.0, 59.0, 30.0, 10.0, 25.0, 16.0, 7.0, 18.0, 17.0, 17.0, 5.0, 3.0, 4.0, 9.0, 1.0, 2.0, 0.0, 0.0, 1.0, 3.0], "bins": [-1.4802425951643272e-09, -1.4108827439685001e-09, -1.3415230037949755e-09, -1.2721632636214508e-09, -1.2028034124256237e-09, -1.1334435612297966e-09, -1.064083821056272e-09, -9.947240808827473e-10, -9.253642296869202e-10, -8.560044340022444e-10, -7.866446383175685e-10, -7.172848426328926e-10, -6.479250469482167e-10, -5.785652512635409e-10, -5.09205455578865e-10, -4.398456598941891e-10, -3.7048586420951324e-10, -3.0112606852483736e-10, -2.317662728401615e-10, -1.6240647715548562e-10, -9.304668147080974e-11, -2.368688578613387e-11, 4.5672909898542e-11, 1.1503270558321788e-10, 1.8439250126789375e-10, 2.537522969525696e-10, 3.231120926372455e-10, 3.9247188832192137e-10, 4.6183168400659724e-10, 5.311914796912731e-10, 6.00551275375949e-10, 6.699110710606249e-10, 7.392710887899057e-10, 8.086308844745815e-10, 8.779906801592574e-10, 9.47350420332782e-10, 1.0167102715286092e-09, 1.0860701227244363e-09, 1.155429862897961e-09, 1.2247896030714855e-09, 1.2941494542673126e-09, 1.3635093054631398e-09, 1.4328690456366644e-09, 1.502228785810189e-09, 1.5715886370060161e-09, 1.6409484882018432e-09, 1.7103082283753679e-09, 1.7796679685488925e-09, 1.8490278197447196e-09, 1.9183876709405467e-09, 1.987747300091769e-09, 2.057107151287596e-09, 2.126467002483423e-09, 2.1958268536792502e-09, 2.2651867048750773e-09, 2.3345463340262995e-09, 2.4039061852221266e-09, 2.4732660364179537e-09, 2.542625665569176e-09, 2.611985516765003e-09, 2.68134536796083e-09, 2.7507052191566572e-09, 2.8200650703524843e-09, 2.8894246995037065e-09, 2.9587845506995336e-09]}}