{"pred": {"_type": "histogram", "values": [0, 0, 0, 0, 0, 0, 0, 0, 0, 0, 0, 0, 0, 0, 0, 0, 0, 0, 0, 0, 0, 0, 0, 0, 0, 0, 0, 0, 0, 0, 0, 0, 32, 0, 0, 0, 0, 0, 0, 0, 0, 0, 0, 0, 0, 0, 0, 0, 0, 0, 0, 0, 0, 0, 0, 0, 0, 0, 0, 0, 0, 0, 0, 0], "bins": [0.5, 0.515625, 0.53125, 0.546875, 0.5625, 0.578125, 0.59375, 0.609375, 0.625, 0.640625, 0.65625, 0.671875, 0.6875, 0.703125, 0.71875, 0.734375, 0.75, 0.765625, 0.78125, 0.796875, 0.8125, 0.828125, 0.84375, 0.859375, 0.875, 0.890625, 0.90625, 0.921875, 0.9375, 0.953125, 0.96875, 0.984375, 1.0, 1.015625, 1.03125, 1.046875, 1.0625, 1.078125, 1.09375, 1.109375, 1.125, 1.140625, 1.15625, 1.171875, 1.1875, 1.203125, 1.21875, 1.234375, 1.25, 1.265625, 1.28125, 1.296875, 1.3125, 1.328125, 1.34375, 1.359375, 1.375, 1.390625, 1.40625, 1.421875, 1.4375, 1.453125, 1.46875, 1.484375, 1.5]}, "_runtime": 479, "_timestamp": 1630929443, "_step": 39049, "true": {"_type": "histogram", "values": [21, 0, 0, 0, 0, 0, 0, 0, 0, 0, 0, 0, 0, 0, 0, 0, 0, 0, 0, 0, 0, 1, 0, 0, 0, 0, 0, 0, 0, 0, 0, 0, 0, 0, 0, 0, 0, 0, 0, 0, 0, 0, 7, 0, 0, 0, 0, 0, 0, 0, 0, 0, 0, 0, 0, 0, 0, 0, 0, 0, 0, 0, 0, 3], "bins": [1.0, 1.046875, 1.09375, 1.140625, 1.1875, 1.234375, 1.28125, 1.328125, 1.375, 1.421875, 1.46875, 1.515625, 1.5625, 1.609375, 1.65625, 1.703125, 1.75, 1.796875, 1.84375, 1.890625, 1.9375, 1.984375, 2.03125, 2.078125, 2.125, 2.171875, 2.21875, 2.265625, 2.3125, 2.359375, 2.40625, 2.453125, 2.5, 2.546875, 2.59375, 2.640625, 2.6875, 2.734375, 2.78125, 2.828125, 2.875, 2.921875, 2.96875, 3.015625, 3.0625, 3.109375, 3.15625, 3.203125, 3.25, 3.296875, 3.34375, 3.390625, 3.4375, 3.484375, 3.53125, 3.578125, 3.625, 3.671875, 3.71875, 3.765625, 3.8125, 3.859375, 3.90625, 3.953125, 4.0]}, "gradients/fcl.bias": {"_type": "histogram", "values": [1.0, 0.0, 0.0, 0.0, 0.0, 0.0, 0.0, 0.0, 0.0, 0.0, 0.0, 0.0, 0.0, 0.0, 0.0, 1.0, 0.0, 0.0, 1.0, 1.0, 0.0, 0.0, 0.0, 0.0, 1.0, 1.0, 1.0, 0.0, 0.0, 0.0, 0.0, 1.0, 0.0, 0.0, 0.0, 0.0, 0.0, 0.0, 0.0, 0.0, 0.0, 0.0, 0.0, 0.0, 0.0, 0.0, 0.0, 0.0, 0.0, 0.0, 0.0, 0.0, 0.0, 0.0, 0.0, 0.0, 0.0, 0.0, 0.0, 0.0, 0.0, 0.0, 0.0, 1.0], "bins": [0.0, 9.787960372764637e-13, 1.9575920745529274e-12, 2.936388111829391e-12, 3.915184149105855e-12, 4.8939801863823185e-12, 5.872776223658782e-12, 6.851572260935246e-12, 7.83036829821171e-12, 8.809164335488173e-12, 9.787960372764637e-12, 1.07667564100411e-11, 1.1745552447317564e-11, 1.2724348484594028e-11, 1.3703144521870492e-11, 1.4681939691785217e-11, 1.566073659642342e-11, 1.663953350106162e-11, 1.7618328670976346e-11, 1.8597123840891072e-11, 1.9575920745529274e-11, 2.0554717650167476e-11, 2.15335128200822e-11, 2.2512307989996927e-11, 2.349110489463513e-11, 2.446990179927333e-11, 2.5448696969188056e-11, 2.6427492139102782e-11, 2.7406289043740983e-11, 2.8385085948379185e-11, 2.9363879383570435e-11, 3.0342676288208636e-11, 3.132147319284684e-11, 3.230027009748504e-11, 3.327906700212324e-11, 3.425786043731449e-11, 3.523665734195269e-11, 3.6215454246590895e-11, 3.7194247681782144e-11, 3.8173044586420346e-11, 3.915184149105855e-11, 4.013063839569675e-11, 4.110943530033495e-11, 4.20882287355262e-11, 4.30670256401644e-11, 4.4045822544802604e-11, 4.5024615979993854e-11, 4.6003412884632056e-11, 4.698220978927026e-11, 4.796100669390846e-11, 4.893980359854666e-11, 4.991859703373791e-11, 5.089739393837611e-11, 5.1876190843014314e-11, 5.2854984278205563e-11, 5.3833781182843765e-11, 5.481257808748197e-11, 5.579137499212017e-11, 5.677017189675837e-11, 5.774896533194962e-11, 5.872775876714087e-11, 5.970655914122602e-11, 6.068535257641727e-11, 6.166415295050243e-11, 6.264294638569368e-11]}, "gradients/fcl.weight": {"_type": "histogram", "values": [1.0, 2.0, 0.0, 3.0, 4.0, 7.0, 18.0, 32.0, 40.0, 111.0, 129.0, 123.0, 110.0, 128.0, 147.0, 416.0, 1158.0, 1804.0, 2827.0, 3950.0, 8945.0, 4005.0, 3738.0, 4790.0, 4285.0, 2936.0, 1868.0, 1317.0, 952.0, 701.0, 447.0, 309.0, 282.0, 166.0, 152.0, 128.0, 89.0, 82.0, 82.0, 65.0, 61.0, 53.0, 40.0, 33.0, 20.0, 25.0, 17.0, 9.0, 14.0, 5.0, 9.0, 7.0, 3.0, 3.0, 3.0, 1.0, 1.0, 2.0, 0.0, 0.0, 0.0, 0.0, 0.0, 1.0], "bins": [-3.5665970177234385e-11, -3.396020270551858e-11, -3.225443523380278e-11, -3.054866776208698e-11, -2.8842900290371176e-11, -2.7137132818655374e-11, -2.5431365346939572e-11, -2.372559787522377e-11, -2.2019830403507967e-11, -2.0314062931792165e-11, -1.8608295460076363e-11, -1.690252798836056e-11, -1.5196760516644758e-11, -1.3490993044928956e-11, -1.1785225573213154e-11, -1.0079458101497352e-11, -8.37369062978155e-12, -6.667923158065747e-12, -4.962155686349945e-12, -3.2563882146341427e-12, -1.5506207429183405e-12, 1.5514672879746172e-13, 1.860914200513264e-12, 3.566681672229066e-12, 5.2724491439448684e-12, 6.978216615660671e-12, 8.683984087376473e-12, 1.0389751559092275e-11, 1.2095519030808077e-11, 1.380128650252388e-11, 1.5507053974239682e-11, 1.7212821445955484e-11, 1.8918588917671286e-11, 2.062435638938709e-11, 2.233012386110289e-11, 2.4035891332818693e-11, 2.5741658804534495e-11, 2.7447426276250297e-11, 2.91531937479661e-11, 3.08589612196819e-11, 3.2564728691397704e-11, 3.4270496163113506e-11, 3.597626363482931e-11, 3.768203110654511e-11, 3.938779857826091e-11, 4.1093566049976715e-11, 4.279933352169252e-11, 4.450510099340832e-11, 4.621086846512412e-11, 4.7916635936839924e-11, 4.9622403408555726e-11, 5.132817088027153e-11, 5.303393835198733e-11, 5.473970582370313e-11, 5.6445473295418935e-11, 5.815124076713474e-11, 5.985700823885054e-11, 6.156277571056634e-11, 6.326854318228214e-11, 6.497431065399795e-11, 6.668007812571375e-11, 6.838584559742955e-11, 7.009161306914535e-11, 7.179738054086116e-11, 7.350314801257696e-11]}, "loss": 1.7022396576710237, "accuracy": 0.6697115384615384, "val_loss": 1.7209408561626593, "val_accuracy": 0.6510104790419161, "epoch": 49, "_wandb": {"runtime": 479}}