{"xd": 1, "_runtime": 512, "_timestamp": 1630924357, "_step": 11, "xds": {"_type": "histogram", "values": [1, 0, 0, 0, 0, 0, 0, 0, 0, 0, 0, 0, 0, 0, 0, 0, 0, 0, 0, 0, 0, 0, 0, 0, 0, 0, 0, 0, 0, 0, 0, 0, 0, 0, 0, 0, 0, 0, 0, 1, 1, 0, 0, 0, 0, 0, 0, 0, 0, 0, 0, 0, 0, 0, 0, 0, 0, 0, 0, 0, 1, 0, 0, 1], "bins": [0.06809001206384935, 0.08165391790776233, 0.09521782375167531, 0.10878172959558828, 0.12234563543950126, 0.13590954128341426, 0.1494734471273272, 0.1630373529712402, 0.17660125881515318, 0.19016516465906616, 0.20372907050297914, 0.21729297634689212, 0.23085688219080508, 0.24442078803471806, 0.25798469387863104, 0.271548599722544, 0.285112505566457, 0.29867641141037, 0.312240317254283, 0.32580422309819596, 0.33936812894210894, 0.3529320347860219, 0.3664959406299349, 0.3800598464738479, 0.3936237523177608, 0.4071876581616738, 0.4207515640055868, 0.43431546984949976, 0.44787937569341274, 0.4614432815373257, 0.4750071873812387, 0.4885710932251517, 0.5021349990690647, 0.5156989049129777, 0.5292628107568906, 0.5428267166008036, 0.5563906224447166, 0.5699545282886296, 0.5835184341325426, 0.5970823399764555, 0.6106462458203685, 0.6242101516642815, 0.6377740575081945, 0.6513379633521075, 0.6649018691960205, 0.6784657750399334, 0.6920296808838464, 0.7055935867277594, 0.7191574925716723, 0.7327213984155853, 0.7462853042594982, 0.7598492101034112, 0.7734131159473242, 0.7869770217912372, 0.8005409276351502, 0.8141048334790632, 0.8276687393229761, 0.8412326451668891, 0.8547965510108021, 0.8683604568547151, 0.8819243626986281, 0.895488268542541, 0.909052174386454, 0.922616080230367, 0.93617998607428]}, "xdd": {"_type": "histogram", "values": [1, 0, 0, 0, 0, 0, 0, 0, 0, 0, 0, 1, 0, 0, 0, 0, 0, 0, 0, 0, 0, 0, 0, 0, 0, 1, 0, 0, 0, 0, 0, 0, 0, 0, 0, 0, 0, 0, 0, 0, 0, 0, 0, 0, 0, 0, 0, 0, 0, 1, 0, 0, 0, 0, 0, 0, 0, 0, 0, 0, 0, 0, 0, 1], "bins": [0.053032491557803874, 0.061110443832907375, 0.06918839610801088, 0.07726634838311437, 0.08534430065821788, 0.09342225293332138, 0.10150020520842487, 0.10957815748352837, 0.11765610975863187, 0.12573406203373538, 0.13381201430883888, 0.14188996658394237, 0.14996791885904587, 0.15804587113414936, 0.16612382340925286, 0.17420177568435638, 0.18227972795945988, 0.19035768023456337, 0.19843563250966686, 0.2065135847847704, 0.21459153705987388, 0.22266948933497738, 0.23074744161008087, 0.23882539388518437, 0.24690334616028786, 0.2549812984353914, 0.26305925071049485, 0.2711372029855984, 0.27921515526070184, 0.2872931075358054, 0.2953710598109089, 0.3034490120860124, 0.3115269643611159, 0.31960491663621937, 0.32768286891132287, 0.33576082118642636, 0.34383877346152986, 0.35191672573663335, 0.3599946780117369, 0.3680726302868404, 0.3761505825619439, 0.3842285348370474, 0.3923064871121509, 0.4003844393872544, 0.40846239166235787, 0.41654034393746137, 0.42461829621256486, 0.43269624848766836, 0.44077420076277185, 0.4488521530378754, 0.4569301053129789, 0.4650080575880824, 0.4730860098631859, 0.4811639621382894, 0.4892419144133929, 0.49731986668849637, 0.5053978189635999, 0.5134757712387034, 0.5215537235138068, 0.5296316757889103, 0.5377096280640139, 0.5457875803391175, 0.5538655326142209, 0.5619434848893243, 0.5700214371644279]}}