{"gradients/fcl.bias": {"_type": "histogram", "values": [17861.0, 0.0, 0.0, 0.0, 1.0, 0.0, 0.0, 0.0, 0.0, 1.0, 0.0, 0.0, 0.0, 0.0, 0.0, 0.0, 0.0, 0.0, 0.0, 0.0, 0.0, 0.0, 0.0, 0.0, 0.0, 0.0, 0.0, 0.0, 0.0, 0.0, 0.0, 0.0, 0.0, 0.0, 0.0, 0.0, 0.0, 0.0, 0.0, 0.0, 0.0, 0.0, 0.0, 0.0, 0.0, 0.0, 0.0, 0.0, 0.0, 0.0, 0.0, 0.0, 0.0, 0.0, 0.0, 0.0, 0.0, 0.0, 0.0, 0.0, 0.0, 0.0, 0.0, 1.0], "bins": [1.1670144661561892e-15, 9.511303420209338e-13, 1.9010936488234043e-12, 2.851057064046092e-12, 3.801020262428345e-12, 4.750983460810598e-12, 5.7009470928737205e-12, 6.650910291255974e-12, 7.600873055957358e-12, 8.550836254339611e-12, 9.500799452721864e-12, 1.0450763518465855e-11, 1.140072584948637e-11, 1.2350689915230362e-11, 1.3300653113612615e-11, 1.4250616311994868e-11, 1.520058037773886e-11, 1.615054444348285e-11, 1.7100506774503366e-11, 1.8050470840247357e-11, 1.9000433171267872e-11, 1.9950397237011863e-11, 2.0900361302755854e-11, 2.185032363377637e-11, 2.2800285964796885e-11, 2.3750250030540876e-11, 2.470021236156139e-11, 2.5650176427305382e-11, 2.6600138758325897e-11, 2.755010282406989e-11, 2.850006688981388e-11, 2.9450029220834395e-11, 3.039999155185491e-11, 3.1349953882875425e-11, 3.229991968334289e-11, 3.324988201436341e-11, 3.419984434538392e-11, 3.514980667640444e-11, 3.6099772476871905e-11, 3.704973480789242e-11, 3.7999697138912936e-11, 3.894965946993345e-11, 3.989962527040092e-11, 4.084958760142143e-11, 4.179954993244195e-11, 4.2749512263462464e-11, 4.369947806392993e-11, 4.4649440394950446e-11, 4.559940619541791e-11, 4.654936852643843e-11, 4.7499334326905895e-11, 4.844929665792641e-11, 4.9399258988946926e-11, 5.034922131996744e-11, 5.129918712043491e-11, 5.2249149451455423e-11, 5.319911178247594e-11, 5.4149074113496454e-11, 5.509903991396392e-11, 5.6049002244984436e-11, 5.699896457600495e-11, 5.7948926907025466e-11, 5.889889270749293e-11, 5.984885503851345e-11, 6.079881736953396e-11]}, "gradients/fcl.weight": {"_type": "histogram", "values": [1.0, 1.0, 4.0, 6.0, 6.0, 4.0, 16.0, 71.0, 50.0, 111.0, 116.0, 145.0, 121.0, 122.0, 190.0, 179.0, 121.0, 466.0, 1893.0, 16777216.0, 3086.0, 1214.0, 507.0, 366.0, 274.0, 261.0, 229.0, 250.0, 208.0, 193.0, 210.0, 195.0, 155.0, 104.0, 107.0, 99.0, 87.0, 73.0, 55.0, 49.0, 30.0, 29.0, 31.0, 24.0, 32.0, 25.0, 28.0, 17.0, 16.0, 9.0, 7.0, 7.0, 6.0, 5.0, 3.0, 4.0, 3.0, 2.0, 1.0, 0.0, 0.0, 0.0, 1.0, 2.0], "bins": [-3.25648154275715e-11, -3.0874400258618095e-11, -2.918398508966469e-11, -2.7493571655434756e-11, -2.580315648648135e-11, -2.411274131752794e-11, -2.242232788329801e-11, -2.0731912714344602e-11, -1.9041497545391195e-11, -1.7351082376437788e-11, -1.566066720748438e-11, -1.3970253773254449e-11, -1.2279838604301041e-11, -1.0589423435347634e-11, -8.899009133755964e-12, -7.2085948321642945e-12, -5.518179663210887e-12, -3.8277649279383485e-12, -2.13735019266581e-12, -4.4693545739327156e-13, 1.243479277879267e-12, 2.9338944468326744e-12, 4.624308748424344e-12, 6.3147230500160134e-12, 8.005138218969421e-12, 9.695553387922828e-12, 1.1385967689514498e-11, 1.3076381991106167e-11, 1.4766797160059575e-11, 1.6457212329012982e-11, 1.8147625763242914e-11, 1.983804093219632e-11, 2.152845957059668e-11, 2.3218874739550088e-11, 2.4909289908503496e-11, 2.6599703342733427e-11, 2.8290118511686835e-11, 2.9980531945916766e-11, 3.1670947114870174e-11, 3.336136228382358e-11, 3.505177745277699e-11, 3.6742192621730396e-11, 3.8432607790683804e-11, 4.012302295963721e-11, 4.1813434659143667e-11, 4.3503853297544026e-11, 4.519426499705048e-11, 4.688468016600389e-11, 4.8575095334957297e-11, 5.0265510503910704e-11, 5.195592567286411e-11, 5.364634084181752e-11, 5.5336756010770927e-11, 5.702716771027738e-11, 5.871758634867774e-11, 6.04079980481842e-11, 6.209840974769065e-11, 6.378882144719711e-11, 6.547924008559747e-11, 6.716965178510392e-11, 6.886007042350428e-11, 7.055048212301074e-11, 7.22409007614111e-11, 7.393131246091755e-11, 7.562173109931791e-11]}, "_runtime": 554, "_timestamp": 1630862191, "_step": 0}