{"gradients/fcl.bias": {"_type": "histogram", "values": [17859.0, 1.0, 0.0, 0.0, 1.0, 0.0, 0.0, 0.0, 1.0, 0.0, 1.0, 0.0, 0.0, 0.0, 0.0, 0.0, 0.0, 0.0, 0.0, 0.0, 0.0, 0.0, 0.0, 0.0, 0.0, 0.0, 0.0, 0.0, 0.0, 0.0, 0.0, 0.0, 0.0, 0.0, 0.0, 0.0, 0.0, 0.0, 0.0, 0.0, 0.0, 0.0, 0.0, 0.0, 0.0, 0.0, 0.0, 0.0, 0.0, 0.0, 0.0, 0.0, 0.0, 0.0, 0.0, 0.0, 0.0, 0.0, 0.0, 0.0, 0.0, 0.0, 0.0, 1.0], "bins": [1.095827276170096e-15, 3.6185043676695283e-12, 7.235912823783108e-12, 1.085332084621582e-11, 1.44707293023294e-11, 1.8088138625804717e-11, 2.1705547081918297e-11, 2.5322955538031877e-11, 2.8940363994145457e-11, 3.255777245025904e-11, 3.617518090637262e-11, 3.97925893624862e-11, 4.340999781859978e-11, 4.702740627471336e-11, 5.064481473082694e-11, 5.426222318694052e-11, 5.78796316430541e-11, 6.149704356861463e-11, 6.511444855528126e-11, 6.873185354194788e-11, 7.234926546750842e-11, 7.596667739306895e-11, 7.958408237973558e-11, 8.32014873664022e-11, 8.681889929196274e-11, 9.043631121752327e-11, 9.40537162041899e-11, 9.767112119085652e-11, 1.0128853311641706e-10, 1.0490594504197759e-10, 1.0852335002864422e-10, 1.1214075501531084e-10, 1.1575816694087138e-10, 1.193755788664319e-10, 1.2299297691420463e-10, 1.2661038883976516e-10, 1.302278007653257e-10, 1.3384521269088623e-10, 1.3746262461644676e-10, 1.4108002266421948e-10, 1.4469743458978002e-10, 1.4831484651534055e-10, 1.5193224456311327e-10, 1.555496564886738e-10, 1.5916706841423434e-10, 1.6278448033979487e-10, 1.664018922653554e-10, 1.7001929031312812e-10, 1.7363670223868866e-10, 1.772541141642492e-10, 1.808715122120219e-10, 1.8448892413758244e-10, 1.8810633606314298e-10, 1.917237479887035e-10, 1.9534115991426404e-10, 1.9895855796203676e-10, 2.025759698875973e-10, 2.0619338181315783e-10, 2.0981077986093055e-10, 2.1342819178649108e-10, 2.1704560371205162e-10, 2.2066301563761215e-10, 2.2428042756317268e-10, 2.278978256109454e-10, 2.3151523753650594e-10]}, "gradients/fcl.weight": {"_type": "histogram", "values": [7.0, 7.0, 11.0, 66.0, 146.0, 96.0, 138.0, 97.0, 136.0, 118.0, 135.0, 102.0, 132.0, 143.0, 542.0, 2062.0, 16777216.0, 6855.0, 3085.0, 1270.0, 670.0, 362.0, 254.0, 227.0, 148.0, 123.0, 132.0, 213.0, 236.0, 191.0, 138.0, 108.0, 96.0, 114.0, 74.0, 71.0, 52.0, 73.0, 60.0, 46.0, 32.0, 31.0, 25.0, 22.0, 11.0, 21.0, 27.0, 21.0, 8.0, 5.0, 3.0, 5.0, 3.0, 4.0, 5.0, 10.0, 3.0, 3.0, 3.0, 0.0, 1.0, 0.0, 1.0, 1.0], "bins": [-9.104779430391119e-11, -8.565762682488653e-11, -8.026745934586188e-11, -7.487729186683723e-11, -6.948712438781257e-11, -6.409695690878792e-11, -5.870678942976326e-11, -5.331662195073861e-11, -4.792645447171395e-11, -4.25362869926893e-11, -3.7146119513664644e-11, -3.175595203463999e-11, -2.6365784555615335e-11, -2.097561707659068e-11, -1.5585449597566026e-11, -1.0195282118541371e-11, -4.8051146395167166e-12, 5.85052839507938e-13, 5.9752203185325925e-12, 1.1365387797557247e-11, 1.67555552765819e-11, 2.2145722755606556e-11, 2.753589023463121e-11, 3.2926057713655865e-11, 3.831622519268052e-11, 4.3706392671705174e-11, 4.909656015072983e-11, 5.4486727629754483e-11, 5.987689510877914e-11, 6.526706258780379e-11, 7.065723006682845e-11, 7.60473975458531e-11, 8.143757890266556e-11, 8.682774638169022e-11, 9.221791386071487e-11, 9.760808133973953e-11, 1.0299824881876418e-10, 1.0838841629778884e-10, 1.1377858377681349e-10, 1.1916875819473205e-10, 1.245589187348628e-10, 1.2994907927499355e-10, 1.353392536929121e-10, 1.4072942811083067e-10, 1.4611958865096142e-10, 1.5150974919109217e-10, 1.5689992360901073e-10, 1.6229009802692929e-10, 1.6768025856706004e-10, 1.730704191071908e-10, 1.7846059352510935e-10, 1.838507679430279e-10, 1.8924092848315865e-10, 1.946310890232894e-10, 2.0002126344120796e-10, 2.0541143785912652e-10, 2.1080159839925727e-10, 2.1619175893938802e-10, 2.2158193335730658e-10, 2.2697210777522514e-10, 2.323622683153559e-10, 2.3775242885548664e-10, 2.43142617151193e-10, 2.4853277769132376e-10, 2.539229382314545e-10]}, "_runtime": 485, "_timestamp": 1630870132, "_step": 0}