{"pred": {"_type": "histogram", "values": [0, 0, 0, 0, 0, 0, 0, 0, 0, 0, 0, 0, 0, 0, 0, 0, 0, 0, 0, 0, 0, 0, 0, 0, 0, 0, 0, 0, 0, 0, 0, 0, 32, 0, 0, 0, 0, 0, 0, 0, 0, 0, 0, 0, 0, 0, 0, 0, 0, 0, 0, 0, 0, 0, 0, 0, 0, 0, 0, 0, 0, 0, 0, 0], "bins": [0.5, 0.515625, 0.53125, 0.546875, 0.5625, 0.578125, 0.59375, 0.609375, 0.625, 0.640625, 0.65625, 0.671875, 0.6875, 0.703125, 0.71875, 0.734375, 0.75, 0.765625, 0.78125, 0.796875, 0.8125, 0.828125, 0.84375, 0.859375, 0.875, 0.890625, 0.90625, 0.921875, 0.9375, 0.953125, 0.96875, 0.984375, 1.0, 1.015625, 1.03125, 1.046875, 1.0625, 1.078125, 1.09375, 1.109375, 1.125, 1.140625, 1.15625, 1.171875, 1.1875, 1.203125, 1.21875, 1.234375, 1.25, 1.265625, 1.28125, 1.296875, 1.3125, 1.328125, 1.34375, 1.359375, 1.375, 1.390625, 1.40625, 1.421875, 1.4375, 1.453125, 1.46875, 1.484375, 1.5]}, "_runtime": 38, "_timestamp": 1630928885, "_step": 2153, "true": {"_type": "histogram", "values": [25, 0, 0, 0, 0, 0, 0, 0, 0, 0, 0, 0, 0, 0, 0, 0, 0, 0, 0, 0, 0, 3, 0, 0, 0, 0, 0, 0, 0, 0, 0, 0, 0, 0, 0, 0, 0, 0, 0, 0, 0, 0, 2, 0, 0, 0, 0, 0, 0, 0, 0, 0, 0, 0, 0, 0, 0, 0, 0, 0, 0, 0, 0, 2], "bins": [1.0, 1.046875, 1.09375, 1.140625, 1.1875, 1.234375, 1.28125, 1.328125, 1.375, 1.421875, 1.46875, 1.515625, 1.5625, 1.609375, 1.65625, 1.703125, 1.75, 1.796875, 1.84375, 1.890625, 1.9375, 1.984375, 2.03125, 2.078125, 2.125, 2.171875, 2.21875, 2.265625, 2.3125, 2.359375, 2.40625, 2.453125, 2.5, 2.546875, 2.59375, 2.640625, 2.6875, 2.734375, 2.78125, 2.828125, 2.875, 2.921875, 2.96875, 3.015625, 3.0625, 3.109375, 3.15625, 3.203125, 3.25, 3.296875, 3.34375, 3.390625, 3.4375, 3.484375, 3.53125, 3.578125, 3.625, 3.671875, 3.71875, 3.765625, 3.8125, 3.859375, 3.90625, 3.953125, 4.0]}, "gradients/fcl.bias": {"_type": "histogram", "values": [1.0, 0.0, 0.0, 0.0, 0.0, 0.0, 0.0, 0.0, 0.0, 0.0, 0.0, 0.0, 0.0, 0.0, 0.0, 0.0, 0.0, 2.0, 1.0, 2.0, 2.0, 0.0, 0.0, 0.0, 0.0, 0.0, 0.0, 0.0, 0.0, 0.0, 0.0, 0.0, 0.0, 0.0, 0.0, 0.0, 0.0, 0.0, 0.0, 0.0, 0.0, 0.0, 0.0, 0.0, 0.0, 0.0, 0.0, 0.0, 0.0, 0.0, 0.0, 0.0, 0.0, 0.0, 0.0, 0.0, 0.0, 0.0, 0.0, 0.0, 0.0, 0.0, 0.0, 1.0], "bins": [-9.313223525708736e-10, -8.575885557249308e-10, -7.838547588789879e-10, -7.101209065218939e-10, -6.36387109675951e-10, -5.626533128300082e-10, -4.889194604729141e-10, -4.151856636269713e-10, -3.4145186678102846e-10, -2.677180699350856e-10, -1.9398424533356717e-10, -1.2025043460983653e-10, -4.651662388610589e-11, 2.7217172959836944e-11, 1.0095099756135539e-10, 1.7468482216287384e-10, 2.484186190088167e-10, 3.221524158547595e-10, 3.9588624045627796e-10, 4.696200650577964e-10, 5.433538619037392e-10, 6.170876587496821e-10, 6.908215111067761e-10, 7.64555307952719e-10, 8.382891047986618e-10, 9.120229016446046e-10, 9.857566984905475e-10, 1.0594904953364903e-09, 1.1332244032047356e-09, 1.206958089028376e-09, 1.2806919968966213e-09, 1.3544257937425641e-09, 1.428159368543902e-09, 1.5018931653898449e-09, 1.5756269622357877e-09, 1.6493607590817305e-09, 1.7230945559276734e-09, 1.7968284637959187e-09, 1.870562149619559e-09, 1.9442960574878043e-09, 2.0180297433114447e-09, 2.09176365117969e-09, 2.1654973370033304e-09, 2.2392312448715757e-09, 2.312964930695216e-09, 2.3866988385634613e-09, 2.4604325243871017e-09, 2.534166432255347e-09, 2.6079003401235923e-09, 2.6816342479918376e-09, 2.755367933815478e-09, 2.8291018416837233e-09, 2.9028355275073636e-09, 2.976569435375609e-09, 3.0503031211992493e-09, 3.1240370290674946e-09, 3.19777093693574e-09, 3.271504844803985e-09, 3.3452385306276256e-09, 3.418972438495871e-09, 3.4927061243195112e-09, 3.5664400321877565e-09, 3.640173718011397e-09, 3.713907625879642e-09, 3.7876413117032826e-09]}, "gradients/fcl.weight": {"_type": "histogram", "values": [1.0, 2.0, 1.0, 0.0, 3.0, 3.0, 8.0, 7.0, 12.0, 29.0, 55.0, 78.0, 134.0, 260.0, 276.0, 351.0, 408.0, 505.0, 1018.0, 3729.0, 13255.0, 13454.0, 7024.0, 2414.0, 931.0, 360.0, 325.0, 292.0, 321.0, 232.0, 181.0, 141.0, 112.0, 86.0, 62.0, 56.0, 70.0, 77.0, 61.0, 44.0, 45.0, 39.0, 27.0, 29.0, 36.0, 26.0, 11.0, 13.0, 8.0, 9.0, 7.0, 4.0, 6.0, 1.0, 3.0, 2.0, 1.0, 1.0, 2.0, 2.0, 1.0, 2.0, 2.0, 1.0], "bins": [-2.3060893195037124e-09, -2.19570961412785e-09, -2.085330130796592e-09, -1.9749504254207295e-09, -1.864570720044867e-09, -1.7541912367136092e-09, -1.6438115313377466e-09, -1.5334319369841864e-09, -1.4230523426306263e-09, -1.3126727482770661e-09, -1.202293153923506e-09, -1.0919134485476434e-09, -9.815338541940832e-10, -8.711542598405231e-10, -7.607746099758117e-10, -6.503949601111003e-10, -5.400153657575402e-10, -4.296357436484044e-10, -3.1925612153926863e-10, -2.0887649943013287e-10, -9.84968773209971e-11, 1.188271703256305e-11, 1.2226236689727443e-10, 2.3264201676198581e-10, 3.4302161111554597e-10, 4.5340123322468173e-10, 5.637808553338175e-10, 6.741605051985289e-10, 7.84540099552089e-10, 8.949196939056492e-10, 1.0052993992815118e-09, 1.115678993635072e-09, 1.226058810033237e-09, 1.3364384043867972e-09, 1.4468179987403573e-09, 1.55719770411622e-09, 1.66757729846978e-09, 1.7779568928233402e-09, 1.888336598199203e-09, 1.9987163035750655e-09, 2.109095786906323e-09, 2.2194754922821858e-09, 2.3298549756134435e-09, 2.440234680989306e-09, 2.5506143863651687e-09, 2.6609938696964264e-09, 2.771373575072289e-09, 2.8817530584035467e-09, 2.9921327637794093e-09, 3.102512469155272e-09, 3.2128919524865296e-09, 3.323271657862392e-09, 3.43365114119365e-09, 3.5440308465695125e-09, 3.654410551945375e-09, 3.764790257321238e-09, 3.8751695186078905e-09, 3.985549223983753e-09, 4.095928929359616e-09, 4.2063081906462685e-09, 4.316687896022131e-09, 4.427067601397994e-09, 4.537447306773856e-09, 4.647827012149719e-09, 4.7582067175255816e-09]}, "loss": 1.6840505691675038, "accuracy": 0.6879006410256411, "val_loss": 1.7061577871174156, "val_accuracy": 0.6657934131736527, "epoch": 1}