{"pred": {"_type": "histogram", "values": [26, 0, 0, 0, 0, 0, 0, 0, 0, 0, 0, 0, 0, 0, 0, 0, 0, 0, 0, 0, 0, 0, 0, 0, 0, 0, 0, 0, 0, 0, 0, 0, 4, 0, 0, 0, 0, 0, 0, 0, 0, 0, 0, 0, 0, 0, 0, 0, 0, 0, 0, 0, 0, 0, 0, 0, 0, 0, 0, 0, 0, 0, 0, 2], "bins": [0.0, 0.03125, 0.0625, 0.09375, 0.125, 0.15625, 0.1875, 0.21875, 0.25, 0.28125, 0.3125, 0.34375, 0.375, 0.40625, 0.4375, 0.46875, 0.5, 0.53125, 0.5625, 0.59375, 0.625, 0.65625, 0.6875, 0.71875, 0.75, 0.78125, 0.8125, 0.84375, 0.875, 0.90625, 0.9375, 0.96875, 1.0, 1.03125, 1.0625, 1.09375, 1.125, 1.15625, 1.1875, 1.21875, 1.25, 1.28125, 1.3125, 1.34375, 1.375, 1.40625, 1.4375, 1.46875, 1.5, 1.53125, 1.5625, 1.59375, 1.625, 1.65625, 1.6875, 1.71875, 1.75, 1.78125, 1.8125, 1.84375, 1.875, 1.90625, 1.9375, 1.96875, 2.0]}, "_runtime": 140, "_timestamp": 1631017928, "_step": 12749, "true": {"_type": "histogram", "values": [23, 0, 0, 0, 0, 0, 0, 0, 0, 0, 0, 0, 0, 0, 0, 0, 0, 0, 0, 0, 0, 0, 0, 0, 0, 0, 0, 0, 0, 0, 0, 0, 7, 0, 0, 0, 0, 0, 0, 0, 0, 0, 0, 0, 0, 0, 0, 0, 0, 0, 0, 0, 0, 0, 0, 0, 0, 0, 0, 0, 0, 0, 0, 2], "bins": [0.0, 0.03125, 0.0625, 0.09375, 0.125, 0.15625, 0.1875, 0.21875, 0.25, 0.28125, 0.3125, 0.34375, 0.375, 0.40625, 0.4375, 0.46875, 0.5, 0.53125, 0.5625, 0.59375, 0.625, 0.65625, 0.6875, 0.71875, 0.75, 0.78125, 0.8125, 0.84375, 0.875, 0.90625, 0.9375, 0.96875, 1.0, 1.03125, 1.0625, 1.09375, 1.125, 1.15625, 1.1875, 1.21875, 1.25, 1.28125, 1.3125, 1.34375, 1.375, 1.40625, 1.4375, 1.46875, 1.5, 1.53125, 1.5625, 1.59375, 1.625, 1.65625, 1.6875, 1.71875, 1.75, 1.78125, 1.8125, 1.84375, 1.875, 1.90625, 1.9375, 1.96875, 2.0]}, "gradients/fcl.bias": {"_type": "histogram", "values": [1.0, 0.0, 0.0, 0.0, 0.0, 0.0, 0.0, 0.0, 0.0, 0.0, 0.0, 0.0, 0.0, 0.0, 0.0, 0.0, 0.0, 0.0, 0.0, 0.0, 0.0, 0.0, 0.0, 0.0, 0.0, 0.0, 0.0, 0.0, 0.0, 0.0, 0.0, 0.0, 1.0, 0.0, 0.0, 0.0, 0.0, 0.0, 0.0, 0.0, 0.0, 0.0, 0.0, 0.0, 0.0, 0.0, 0.0, 0.0, 0.0, 0.0, 0.0, 0.0, 0.0, 0.0, 0.0, 0.0, 0.0, 0.0, 0.0, 0.0, 0.0, 0.0, 0.0, 1.0], "bins": [-6.200251664267853e-05, -6.007840784150176e-05, -5.8154299040324986e-05, -5.623018660116941e-05, -5.4306077799992636e-05, -5.2381968998815864e-05, -5.0457856559660286e-05, -4.8533747758483514e-05, -4.660963895730674e-05, -4.468553015612997e-05, -4.27614213549532e-05, -4.083730891579762e-05, -3.891320011462085e-05, -3.698909131344408e-05, -3.50649788742885e-05, -3.314087007311173e-05, -3.1216761271934956e-05, -2.9292652470758185e-05, -2.736854185059201e-05, -2.5444431230425835e-05, -2.3520322429249063e-05, -2.159621362807229e-05, -1.9672103007906117e-05, -1.774799238773994e-05, -1.582388358656317e-05, -1.3899773875891697e-05, -1.1975664165220223e-05, -1.005155445454875e-05, -8.127444743877277e-06, -6.2033350332058035e-06, -4.27922532253433e-06, -2.355115611862857e-06, -4.310059011913836e-07, 1.4931038094800897e-06, 3.417213520151563e-06, 5.341323230823036e-06, 7.26543294149451e-06, 9.189542652165983e-06, 1.1113652362837456e-05, 1.303776207350893e-05, 1.4961871784180403e-05, 1.6885980585357174e-05, 1.881009120552335e-05, 2.0734201825689524e-05, 2.2658310626866296e-05, 2.4582419428043067e-05, 2.6506530048209243e-05, 2.8430640668375418e-05, 3.035474946955219e-05, 3.227885827072896e-05, 3.420296707190573e-05, 3.612707951106131e-05, 3.805118831223808e-05, 3.9975297113414854e-05, 4.189940955257043e-05, 4.3823518353747204e-05, 4.5747627154923975e-05, 4.767173595610075e-05, 4.959584475727752e-05, 5.15199571964331e-05, 5.344406599760987e-05, 5.536817479878664e-05, 5.729228723794222e-05, 5.921639603911899e-05, 6.114050484029576e-05]}, "gradients/fcl.weight": {"_type": "histogram", "values": [1.0, 0.0, 3.0, 2.0, 0.0, 7.0, 5.0, 9.0, 11.0, 16.0, 19.0, 29.0, 31.0, 32.0, 50.0, 57.0, 55.0, 107.0, 102.0, 133.0, 160.0, 163.0, 184.0, 213.0, 272.0, 425.0, 398.0, 446.0, 543.0, 575.0, 600.0, 533.0, 5602.0, 619.0, 558.0, 569.0, 455.0, 413.0, 416.0, 323.0, 212.0, 192.0, 169.0, 160.0, 138.0, 100.0, 108.0, 63.0, 49.0, 54.0, 35.0, 33.0, 28.0, 19.0, 17.0, 10.0, 11.0, 4.0, 7.0, 1.0, 2.0, 3.0, 0.0, 1.0], "bins": [-8.889948367141187e-05, -8.612975216237828e-05, -8.336002065334469e-05, -8.05902891443111e-05, -7.782055763527751e-05, -7.505082612624392e-05, -7.228109461721033e-05, -6.951136310817674e-05, -6.674163159914315e-05, -6.397190009010956e-05, -6.120216858107597e-05, -5.8432437072042376e-05, -5.5662705563008785e-05, -5.2892974053975195e-05, -5.0123242544941604e-05, -4.7353511035908014e-05, -4.458377952687442e-05, -4.181404801784083e-05, -3.904431650880724e-05, -3.627458499977365e-05, -3.350485349074006e-05, -3.073512198170647e-05, -2.796539047267288e-05, -2.519565896363929e-05, -2.24259274546057e-05, -1.9656195945572108e-05, -1.6886464436538517e-05, -1.4116732927504927e-05, -1.1347001418471336e-05, -8.577269909437746e-06, -5.807538400404155e-06, -3.0378068913705647e-06, -2.6808265829458833e-07, 2.5016488507390022e-06, 5.271380359772593e-06, 8.041111868806183e-06, 1.0810843377839774e-05, 1.3580574886873364e-05, 1.6350306395906955e-05, 1.9120037904940546e-05, 2.1889769413974136e-05, 2.4659500923007727e-05, 2.7429232432041317e-05, 3.0198963941074908e-05, 3.29686954501085e-05, 3.573842695914209e-05, 3.850815846817568e-05, 4.127788997720927e-05, 4.404762148624286e-05, 4.681735299527645e-05, 4.958708450431004e-05, 5.235681601334363e-05, 5.512654752237722e-05, 5.789627903141081e-05, 6.0666010540444404e-05, 6.3435742049478e-05, 6.620547355851158e-05, 6.897520506754518e-05, 7.174493657657877e-05, 7.451466808561236e-05, 7.728439959464595e-05, 8.005413110367954e-05, 8.282386261271313e-05, 8.559359412174672e-05, 8.836332563078031e-05]}, "loss": 0.6336642175208865, "accuracy": 0.9163385826771654, "val_loss": 0.717083709107505, "val_accuracy": 0.8414351851851852, "epoch": 49, "_wandb": {"runtime": 141}}