{"pred": {"_type": "histogram", "values": [0, 0, 0, 0, 0, 0, 0, 0, 0, 0, 0, 0, 0, 0, 0, 0, 0, 0, 0, 0, 0, 0, 0, 0, 0, 0, 0, 0, 0, 0, 0, 0, 32, 0, 0, 0, 0, 0, 0, 0, 0, 0, 0, 0, 0, 0, 0, 0, 0, 0, 0, 0, 0, 0, 0, 0, 0, 0, 0, 0, 0, 0, 0, 0], "bins": [0.5, 0.515625, 0.53125, 0.546875, 0.5625, 0.578125, 0.59375, 0.609375, 0.625, 0.640625, 0.65625, 0.671875, 0.6875, 0.703125, 0.71875, 0.734375, 0.75, 0.765625, 0.78125, 0.796875, 0.8125, 0.828125, 0.84375, 0.859375, 0.875, 0.890625, 0.90625, 0.921875, 0.9375, 0.953125, 0.96875, 0.984375, 1.0, 1.015625, 1.03125, 1.046875, 1.0625, 1.078125, 1.09375, 1.109375, 1.125, 1.140625, 1.15625, 1.171875, 1.1875, 1.203125, 1.21875, 1.234375, 1.25, 1.265625, 1.28125, 1.296875, 1.3125, 1.328125, 1.34375, 1.359375, 1.375, 1.390625, 1.40625, 1.421875, 1.4375, 1.453125, 1.46875, 1.484375, 1.5]}, "_runtime": 16, "_timestamp": 1630928686, "_step": 1234, "true": {"_type": "histogram", "values": [25, 0, 0, 0, 0, 0, 0, 0, 0, 0, 0, 0, 0, 0, 0, 0, 0, 0, 0, 0, 0, 0, 0, 0, 0, 0, 0, 0, 0, 0, 0, 0, 0, 0, 0, 0, 0, 0, 0, 0, 0, 0, 4, 0, 0, 0, 0, 0, 0, 0, 0, 0, 0, 0, 0, 0, 0, 0, 0, 0, 0, 0, 0, 3], "bins": [1.0, 1.046875, 1.09375, 1.140625, 1.1875, 1.234375, 1.28125, 1.328125, 1.375, 1.421875, 1.46875, 1.515625, 1.5625, 1.609375, 1.65625, 1.703125, 1.75, 1.796875, 1.84375, 1.890625, 1.9375, 1.984375, 2.03125, 2.078125, 2.125, 2.171875, 2.21875, 2.265625, 2.3125, 2.359375, 2.40625, 2.453125, 2.5, 2.546875, 2.59375, 2.640625, 2.6875, 2.734375, 2.78125, 2.828125, 2.875, 2.921875, 2.96875, 3.015625, 3.0625, 3.109375, 3.15625, 3.203125, 3.25, 3.296875, 3.34375, 3.390625, 3.4375, 3.484375, 3.53125, 3.578125, 3.625, 3.671875, 3.71875, 3.765625, 3.8125, 3.859375, 3.90625, 3.953125, 4.0]}, "gradients/fcl.bias": {"_type": "histogram", "values": [1.0, 0.0, 0.0, 0.0, 0.0, 0.0, 0.0, 0.0, 0.0, 0.0, 0.0, 0.0, 0.0, 0.0, 0.0, 0.0, 0.0, 0.0, 0.0, 0.0, 0.0, 0.0, 0.0, 0.0, 0.0, 0.0, 0.0, 0.0, 0.0, 0.0, 5.0, 0.0, 1.0, 0.0, 0.0, 0.0, 0.0, 0.0, 0.0, 1.0, 0.0, 0.0, 0.0, 0.0, 0.0, 0.0, 0.0, 0.0, 0.0, 0.0, 0.0, 0.0, 0.0, 0.0, 0.0, 0.0, 0.0, 0.0, 0.0, 0.0, 0.0, 0.0, 0.0, 1.0], "bins": [-1.303851249190302e-08, -1.2583995179227259e-08, -1.2129478754729917e-08, -1.1674961442054155e-08, -1.1220445017556813e-08, -1.0765927704881051e-08, -1.0311411280383709e-08, -9.856893967707947e-09, -9.402377543210605e-09, -8.947860230534843e-09, -8.493343806037501e-09, -8.03882649336174e-09, -7.584310068864397e-09, -7.129792756188635e-09, -6.675276331691293e-09, -6.2207590190155315e-09, -5.7662421504289796e-09, -5.311725281842428e-09, -4.857208413255876e-09, -4.402691544669324e-09, -3.948174676082772e-09, -3.493657585451615e-09, -3.039140716865063e-09, -2.584623848278511e-09, -2.130106979691959e-09, -1.6755901111054072e-09, -1.2210732425188553e-09, -7.665562629100009e-10, -3.1203939432344896e-10, 1.4247758528540544e-10, 5.969944538719574e-10, 1.0515113224585093e-09, 1.5060281910450612e-09, 1.960545059631613e-09, 2.415061928218165e-09, 2.869578796804717e-09, 3.324095665391269e-09, 3.778612978067031e-09, 4.233129402564373e-09, 4.687646715240135e-09, 5.142163139737477e-09, 5.596680008324029e-09, 6.051196876910581e-09, 6.5057137454971325e-09, 6.9602306140836845e-09, 7.414747926759446e-09, 7.869264351256788e-09, 8.32378166393255e-09, 8.778298976608312e-09, 9.232816289284074e-09, 9.687332713781416e-09, 1.0141850026457178e-08, 1.059636645095452e-08, 1.1050883763630281e-08, 1.1505400188127624e-08, 1.1959917500803385e-08, 1.2414433925300727e-08, 1.286895123797649e-08, 1.3323467662473831e-08, 1.3777984975149593e-08, 1.4232501399646935e-08, 1.4687018712322697e-08, 1.514153602499846e-08, 1.55960524494958e-08, 1.6050568873993143e-08]}, "gradients/fcl.weight": {"_type": "histogram", "values": [1.0, 1.0, 1.0, 1.0, 1.0, 2.0, 3.0, 6.0, 7.0, 7.0, 17.0, 14.0, 19.0, 35.0, 19.0, 60.0, 59.0, 76.0, 83.0, 116.0, 168.0, 224.0, 494.0, 378.0, 408.0, 624.0, 449.0, 778.0, 1070.0, 1381.0, 13059.0, 17221.0, 3213.0, 1377.0, 1209.0, 938.0, 542.0, 471.0, 460.0, 327.0, 228.0, 260.0, 188.0, 106.0, 92.0, 89.0, 65.0, 55.0, 47.0, 46.0, 38.0, 19.0, 29.0, 14.0, 17.0, 7.0, 11.0, 11.0, 6.0, 3.0, 1.0, 0.0, 2.0, 3.0], "bins": [-1.5192929581075987e-08, -1.4703990025566327e-08, -1.4215049581878247e-08, -1.3726110026368588e-08, -1.3237169582680508e-08, -1.2748230027170848e-08, -1.2259290471661188e-08, -1.1770350027973109e-08, -1.128140958428503e-08, -1.079247002877537e-08, -1.030352958508729e-08, -9.81459002957763e-09, -9.32564958588955e-09, -8.83671003037989e-09, -8.347770474870231e-09, -7.858830031182151e-09, -7.3698904756724914e-09, -6.880950476073622e-09, -6.392010476474752e-09, -5.903070920965092e-09, -5.414130477277013e-09, -4.925190921767353e-09, -4.436250922168483e-09, -3.9473109225696135e-09, -3.4583709229707438e-09, -2.969430923371874e-09, -2.4804909237730044e-09, -1.9915511462187396e-09, -1.50261114661987e-09, -1.0136711470210003e-09, -5.247313694667355e-10, -3.5791369867865797e-11, 4.531486297310039e-10, 9.420886293298736e-10, 1.4310285179064408e-09, 1.919968406483008e-09, 2.4089084060818777e-09, 2.8978484056807474e-09, 3.386788183235012e-09, 3.875728182833882e-09, 4.3646681824327516e-09, 4.853608182031621e-09, 5.342548181630491e-09, 5.831488181229361e-09, 6.3204277367390205e-09, 6.8093681804271e-09, 7.29830773593676e-09, 7.78724817962484e-09, 8.2761877351345e-09, 8.765127290644159e-09, 9.254067734332239e-09, 9.743007289841898e-09, 1.0231947733529978e-08, 1.0720887289039638e-08, 1.1209827732727717e-08, 1.1698767288237377e-08, 1.2187706843747037e-08, 1.2676646399256697e-08, 1.3165586842944776e-08, 1.3654526398454436e-08, 1.4143466842142516e-08, 1.4632406397652176e-08, 1.5121345953161835e-08, 1.5610286396849915e-08, 1.6099226840537995e-08]}, "loss": 1.6944788954196832, "accuracy": 0.677724358974359, "val_loss": 1.736846447704795, "val_accuracy": 0.6351047904191617, "epoch": 0}