{"loss": 9.79024569193522, "accuracy": 0.5, "val_loss": 9.78820531810829, "val_accuracy": 0.6489520958083832, "epoch": 0, "_runtime": 29, "_timestamp": 1630923168, "_step": 0}