{"gradients/fcl.bias": {"_type": "histogram", "values": [17863.0, 0.0, 0.0, 0.0, 0.0, 0.0, 0.0, 0.0, 0.0, 0.0, 0.0, 0.0, 0.0, 0.0, 0.0, 0.0, 0.0, 0.0, 0.0, 0.0, 0.0, 0.0, 0.0, 0.0, 0.0, 0.0, 0.0, 0.0, 0.0, 0.0, 0.0, 0.0, 0.0, 0.0, 0.0, 0.0, 0.0, 0.0, 0.0, 0.0, 0.0, 0.0, 0.0, 0.0, 0.0, 0.0, 0.0, 0.0, 0.0, 0.0, 0.0, 0.0, 0.0, 0.0, 0.0, 0.0, 0.0, 0.0, 0.0, 0.0, 0.0, 0.0, 0.0, 1.0], "bins": [0.0, 1.624859372485049e-13, 3.249718744970098e-13, 4.87457838850569e-13, 6.499437489940196e-13, 8.124296591374702e-13, 9.74915677701138e-13, 1.1374015878445887e-12, 1.2998874979880393e-12, 1.4623734081314899e-12, 1.6248593182749405e-12, 1.7873453368386083e-12, 1.949831355402276e-12, 2.1123172655457267e-12, 2.2748031756891773e-12, 2.437289085832628e-12, 2.5997749959760785e-12, 2.762260906119529e-12, 2.9247468162629797e-12, 3.0872327264064303e-12, 3.249718636549881e-12, 3.4122045466933315e-12, 3.5746906736772166e-12, 3.737176366980233e-12, 3.899662710804552e-12, 4.062148620948003e-12, 4.2246345310914535e-12, 4.387120441234904e-12, 4.549606351378355e-12, 4.712092261521805e-12, 4.874578171665256e-12, 5.0370645154895755e-12, 5.199549991952157e-12, 5.362035902095608e-12, 5.524521812239058e-12, 5.687007722382509e-12, 5.8494936325259594e-12, 6.01197954266941e-12, 6.174465452812861e-12, 6.33695179663718e-12, 6.499437273099762e-12, 6.6619231832432124e-12, 6.824409093386663e-12, 6.986895003530114e-12, 7.149380913673564e-12, 7.311867257497884e-12, 7.474352733960465e-12, 7.636839077784785e-12, 7.799325421609105e-12, 7.961811765433424e-12, 8.124297241896006e-12, 8.286783585720325e-12, 8.449269062182907e-12, 8.611755406007227e-12, 8.774240882469808e-12, 8.936727226294128e-12, 9.09921270275671e-12, 9.261699046581029e-12, 9.42418452304361e-12, 9.58667086686793e-12, 9.749156343330512e-12, 9.911642687154831e-12, 1.0074128163617413e-11, 1.0236614507441733e-11, 1.0399099983904314e-11]}, "gradients/fcl.weight": {"_type": "histogram", "values": [1.0, 1.0, 0.0, 1.0, 2.0, 1.0, 9.0, 8.0, 51.0, 92.0, 89.0, 70.0, 155.0, 142.0, 177.0, 200.0, 230.0, 243.0, 16777216.0, 180.0, 179.0, 198.0, 182.0, 246.0, 175.0, 234.0, 221.0, 250.0, 216.0, 181.0, 177.0, 204.0, 142.0, 117.0, 90.0, 80.0, 66.0, 68.0, 34.0, 46.0, 31.0, 21.0, 31.0, 20.0, 14.0, 14.0, 7.0, 14.0, 4.0, 4.0, 4.0, 5.0, 2.0, 1.0, 3.0, 2.0, 1.0, 1.0, 0.0, 1.0, 0.0, 1.0, 2.0, 1.0], "bins": [-6.138481650069805e-12, -5.805984165663247e-12, -5.4734871149375586e-12, -5.140989630531001e-12, -4.8084921461244434e-12, -4.475995095398755e-12, -4.143497610992197e-12, -3.81100012658564e-12, -3.478503075859951e-12, -3.146005808293828e-12, -2.813508540727705e-12, -2.4810110563211474e-12, -2.1485137887550243e-12, -1.8160165211889012e-12, -1.4835190367823436e-12, -1.1510217692162206e-12, -8.185245016500975e-13, -4.860271798738658e-13, -1.5352985809763409e-13, 1.7896751788870624e-13, 5.114647854548293e-13, 8.439620530209524e-13, 1.17645953742751e-12, 1.508956804993633e-12, 1.841454072559756e-12, 2.1739513401258792e-12, 2.5064486076920023e-12, 2.83894609209856e-12, 3.171443359664683e-12, 3.503940627230806e-12, 3.8364381116373636e-12, 4.168935162363052e-12, 4.501432213088741e-12, 4.833929697495298e-12, 5.166426748220987e-12, 5.4989242326275445e-12, 5.831421283353233e-12, 6.163918767759791e-12, 6.496416252166348e-12, 6.828913302892037e-12, 7.161410787298594e-12, 7.493908271705152e-12, 7.82640532243084e-12, 8.158902373156529e-12, 8.491400291243956e-12, 8.823897341969644e-12, 9.156394392695333e-12, 9.48889231078276e-12, 9.821389361508448e-12, 1.0153886412234137e-11, 1.0486384330321563e-11, 1.0818881381047252e-11, 1.115137843177294e-11, 1.1483876349860367e-11, 1.1816373400586055e-11, 1.2148870451311744e-11, 1.248136836939917e-11, 1.2813865420124859e-11, 1.3146363338212286e-11, 1.3478860388937974e-11, 1.3811357439663663e-11, 1.4143854490389351e-11, 1.4476352408476778e-11, 1.4808850326564205e-11, 1.5141346509928155e-11]}, "loss": 9.074516577598375, "accuracy": 0.7161057692307692, "val_loss": 9.1078002724105, "val_accuracy": 0.6828218562874252, "epoch": 49, "_runtime": 28515, "_timestamp": 1630901072, "_step": 49}