{"pred": {"_type": "histogram", "values": [0, 0, 0, 0, 0, 0, 0, 0, 0, 0, 0, 0, 0, 0, 0, 0, 0, 0, 0, 0, 0, 0, 0, 0, 0, 0, 0, 0, 0, 0, 0, 0, 32, 0, 0, 0, 0, 0, 0, 0, 0, 0, 0, 0, 0, 0, 0, 0, 0, 0, 0, 0, 0, 0, 0, 0, 0, 0, 0, 0, 0, 0, 0, 0], "bins": [0.5, 0.515625, 0.53125, 0.546875, 0.5625, 0.578125, 0.59375, 0.609375, 0.625, 0.640625, 0.65625, 0.671875, 0.6875, 0.703125, 0.71875, 0.734375, 0.75, 0.765625, 0.78125, 0.796875, 0.8125, 0.828125, 0.84375, 0.859375, 0.875, 0.890625, 0.90625, 0.921875, 0.9375, 0.953125, 0.96875, 0.984375, 1.0, 1.015625, 1.03125, 1.046875, 1.0625, 1.078125, 1.09375, 1.109375, 1.125, 1.140625, 1.15625, 1.171875, 1.1875, 1.203125, 1.21875, 1.234375, 1.25, 1.265625, 1.28125, 1.296875, 1.3125, 1.328125, 1.34375, 1.359375, 1.375, 1.390625, 1.40625, 1.421875, 1.4375, 1.453125, 1.46875, 1.484375, 1.5]}, "_runtime": 8, "_timestamp": 1630927813, "_step": 14, "true": {"_type": "histogram", "values": [22, 0, 0, 0, 0, 0, 0, 0, 0, 0, 0, 0, 0, 0, 0, 0, 0, 0, 0, 0, 0, 0, 0, 0, 0, 0, 0, 0, 0, 0, 0, 0, 0, 0, 0, 0, 0, 0, 0, 0, 0, 0, 7, 0, 0, 0, 0, 0, 0, 0, 0, 0, 0, 0, 0, 0, 0, 0, 0, 0, 0, 0, 0, 3], "bins": [1.0, 1.046875, 1.09375, 1.140625, 1.1875, 1.234375, 1.28125, 1.328125, 1.375, 1.421875, 1.46875, 1.515625, 1.5625, 1.609375, 1.65625, 1.703125, 1.75, 1.796875, 1.84375, 1.890625, 1.9375, 1.984375, 2.03125, 2.078125, 2.125, 2.171875, 2.21875, 2.265625, 2.3125, 2.359375, 2.40625, 2.453125, 2.5, 2.546875, 2.59375, 2.640625, 2.6875, 2.734375, 2.78125, 2.828125, 2.875, 2.921875, 2.96875, 3.015625, 3.0625, 3.109375, 3.15625, 3.203125, 3.25, 3.296875, 3.34375, 3.390625, 3.4375, 3.484375, 3.53125, 3.578125, 3.625, 3.671875, 3.71875, 3.765625, 3.8125, 3.859375, 3.90625, 3.953125, 4.0]}, "loss": 1.6879923343658447, "accuracy": 0.6875, "val_loss": 1.6848788261413574, "val_accuracy": 0.6875, "epoch": 4}