{"gradients/fcl.bias": {"_type": "histogram", "values": [17862.0, 0.0, 0.0, 0.0, 0.0, 0.0, 0.0, 0.0, 0.0, 0.0, 0.0, 0.0, 0.0, 0.0, 0.0, 0.0, 0.0, 0.0, 0.0, 0.0, 0.0, 0.0, 0.0, 0.0, 0.0, 0.0, 0.0, 0.0, 0.0, 0.0, 0.0, 0.0, 0.0, 0.0, 0.0, 0.0, 0.0, 0.0, 0.0, 0.0, 0.0, 0.0, 0.0, 0.0, 0.0, 0.0, 0.0, 0.0, 0.0, 0.0, 0.0, 0.0, 0.0, 1.0, 0.0, 0.0, 0.0, 0.0, 0.0, 0.0, 0.0, 0.0, 0.0, 1.0], "bins": [6.166398797220122e-16, 2.1999008517625818e-11, 4.399740294314114e-11, 6.599579910337994e-11, 8.799418832472483e-11, 1.0999257754606973e-10, 1.3199097370630852e-10, 1.5398936292765342e-10, 1.759877521489983e-10, 1.979861413703432e-10, 2.199845305916881e-10, 2.419829336908208e-10, 2.639813367899535e-10, 2.859797121335106e-10, 3.079781152326433e-10, 3.299764905762004e-10, 3.519748936753331e-10, 3.739732967744658e-10, 3.9597167211802287e-10, 4.1797007521715557e-10, 4.3996845056071265e-10, 4.6196685365984536e-10, 4.839652567589781e-10, 5.059636598581108e-10, 5.279620629572435e-10, 5.499604660563762e-10, 5.719588691555089e-10, 5.939572167434903e-10, 6.15955619842623e-10, 6.379540229417557e-10, 6.599524260408884e-10, 6.819508291400211e-10, 7.039492322391538e-10, 7.259476353382865e-10, 7.479460384374192e-10, 7.69944441536552e-10, 7.919427891245334e-10, 8.139411922236661e-10, 8.359395953227988e-10, 8.579379984219315e-10, 8.79936346009913e-10, 9.019347491090457e-10, 9.239331522081784e-10, 9.45931555307311e-10, 9.679299584064438e-10, 9.899283615055765e-10, 1.0119267646047092e-09, 1.0339250566815394e-09, 1.0559235708029746e-09, 1.0779219739021073e-09, 1.09992037700124e-09, 1.1219187801003727e-09, 1.1439171831995054e-09, 1.1659155862986381e-09, 1.1879139893977708e-09, 1.209912281474601e-09, 1.2319106845737338e-09, 1.2539090876728665e-09, 1.2759074907719992e-09, 1.2979058938711319e-09, 1.3199042969702646e-09, 1.3419025890470948e-09, 1.3639009921462275e-09, 1.3858993952453602e-09, 1.407897798344493e-09]}, "gradients/fcl.weight": {"_type": "histogram", "values": [5.0, 3.0, 14.0, 50.0, 6.0, 11.0, 9.0, 53.0, 40.0, 22.0, 18.0, 21.0, 54.0, 61.0, 53.0, 55.0, 106.0, 98.0, 163.0, 389.0, 418.0, 272.0, 347.0, 340.0, 373.0, 1622.0, 16777216.0, 606.0, 533.0, 667.0, 591.0, 554.0, 588.0, 474.0, 430.0, 342.0, 326.0, 210.0, 242.0, 178.0, 147.0, 131.0, 96.0, 76.0, 65.0, 51.0, 32.0, 27.0, 24.0, 27.0, 13.0, 19.0, 17.0, 16.0, 11.0, 6.0, 3.0, 6.0, 2.0, 1.0, 1.0, 0.0, 3.0, 1.0], "bins": [-1.5347723092418164e-09, -1.4757818300736858e-09, -1.4167913509055552e-09, -1.3578008717374246e-09, -1.298810392569294e-09, -1.2398200244234658e-09, -1.1808295452553352e-09, -1.1218390660872046e-09, -1.062848586919074e-09, -1.0038581077509434e-09, -9.448676285828128e-10, -8.858772049258334e-10, -8.268867257577028e-10, -7.678962465895722e-10, -7.089058229325929e-10, -6.499153437644622e-10, -5.909248645963316e-10, -5.31934385428201e-10, -4.729439062600704e-10, -4.1395348260309106e-10, -3.5496300343496046e-10, -2.9597252426682985e-10, -2.3698207285427486e-10, -1.7799162144171987e-10, -1.1900114227358927e-10, -6.001067698324647e-11, -1.020211692903672e-12, 5.7970253597439125e-11, 1.1696071888778192e-10, 1.7595119805591253e-10, 2.349416494684675e-10, 2.939321008810225e-10, 3.529225800491531e-10, 4.119130592172837e-10, 4.709035383854143e-10, 5.298939620423937e-10, 5.888844412105243e-10, 6.478749203786549e-10, 7.068653440356343e-10, 7.658558232037649e-10, 8.248463023718955e-10, 8.838367815400261e-10, 9.428272607081567e-10, 1.0018177398762873e-09, 1.0608081080221154e-09, 1.1197986982125485e-09, 1.1787890663583767e-09, 1.2377795455265073e-09, 1.2967700246946379e-09, 1.3557605038627685e-09, 1.414750983030899e-09, 1.4737414621990297e-09, 1.5327319413671603e-09, 1.5917223095129884e-09, 1.650712788681119e-09, 1.7097032678492496e-09, 1.7686937470173802e-09, 1.8276842261855109e-09, 1.886674594331339e-09, 1.945665184521772e-09, 2.0046555526676e-09, 2.0636461428580333e-09, 2.1226365110038614e-09, 2.1816268791496896e-09, 2.2406174693401226e-09]}, "_runtime": 421, "_timestamp": 1630870832, "_step": 0}