{"loss": 9.79005209604899, "accuracy": 0.4375, "val_loss": 9.783907684737336, "val_accuracy": 0.41654191616766467, "epoch": 0, "_runtime": 30, "_timestamp": 1630923003, "_step": 0}