{"pred": {"_type": "histogram", "values": [21, 0, 0, 0, 0, 0, 0, 0, 0, 0, 0, 0, 0, 0, 0, 0, 0, 0, 0, 0, 0, 0, 0, 0, 0, 0, 0, 0, 0, 0, 0, 0, 8, 0, 0, 0, 0, 0, 0, 0, 0, 0, 0, 0, 0, 0, 0, 0, 0, 0, 0, 0, 0, 0, 0, 0, 0, 0, 0, 0, 0, 0, 0, 3], "bins": [0.0, 0.03125, 0.0625, 0.09375, 0.125, 0.15625, 0.1875, 0.21875, 0.25, 0.28125, 0.3125, 0.34375, 0.375, 0.40625, 0.4375, 0.46875, 0.5, 0.53125, 0.5625, 0.59375, 0.625, 0.65625, 0.6875, 0.71875, 0.75, 0.78125, 0.8125, 0.84375, 0.875, 0.90625, 0.9375, 0.96875, 1.0, 1.03125, 1.0625, 1.09375, 1.125, 1.15625, 1.1875, 1.21875, 1.25, 1.28125, 1.3125, 1.34375, 1.375, 1.40625, 1.4375, 1.46875, 1.5, 1.53125, 1.5625, 1.59375, 1.625, 1.65625, 1.6875, 1.71875, 1.75, 1.78125, 1.8125, 1.84375, 1.875, 1.90625, 1.9375, 1.96875, 2.0]}, "_runtime": 97, "_timestamp": 1631018237, "_step": 12749, "true": {"_type": "histogram", "values": [22, 0, 0, 0, 0, 0, 0, 0, 0, 0, 0, 0, 0, 0, 0, 0, 0, 0, 0, 0, 0, 0, 0, 0, 0, 0, 0, 0, 0, 0, 0, 0, 8, 0, 0, 0, 0, 0, 0, 0, 0, 0, 0, 0, 0, 0, 0, 0, 0, 0, 0, 0, 0, 0, 0, 0, 0, 0, 0, 0, 0, 0, 0, 2], "bins": [0.0, 0.03125, 0.0625, 0.09375, 0.125, 0.15625, 0.1875, 0.21875, 0.25, 0.28125, 0.3125, 0.34375, 0.375, 0.40625, 0.4375, 0.46875, 0.5, 0.53125, 0.5625, 0.59375, 0.625, 0.65625, 0.6875, 0.71875, 0.75, 0.78125, 0.8125, 0.84375, 0.875, 0.90625, 0.9375, 0.96875, 1.0, 1.03125, 1.0625, 1.09375, 1.125, 1.15625, 1.1875, 1.21875, 1.25, 1.28125, 1.3125, 1.34375, 1.375, 1.40625, 1.4375, 1.46875, 1.5, 1.53125, 1.5625, 1.59375, 1.625, 1.65625, 1.6875, 1.71875, 1.75, 1.78125, 1.8125, 1.84375, 1.875, 1.90625, 1.9375, 1.96875, 2.0]}, "gradients/fcl.bias": {"_type": "histogram", "values": [1.0, 0.0, 0.0, 0.0, 0.0, 0.0, 0.0, 0.0, 0.0, 0.0, 0.0, 0.0, 0.0, 0.0, 0.0, 0.0, 0.0, 0.0, 0.0, 0.0, 0.0, 0.0, 0.0, 0.0, 0.0, 0.0, 0.0, 0.0, 0.0, 0.0, 0.0, 1.0, 0.0, 0.0, 0.0, 0.0, 0.0, 0.0, 0.0, 0.0, 0.0, 0.0, 0.0, 0.0, 0.0, 0.0, 0.0, 0.0, 0.0, 0.0, 0.0, 0.0, 0.0, 0.0, 0.0, 0.0, 0.0, 0.0, 0.0, 0.0, 0.0, 0.0, 0.0, 1.0], "bins": [-5.060679905000143e-05, -4.902339424006641e-05, -4.74399930681102e-05, -4.585658825817518e-05, -4.427318344824016e-05, -4.268977863830514e-05, -4.1106373828370124e-05, -3.952297265641391e-05, -3.7939567846478894e-05, -3.6356163036543876e-05, -3.4772761864587665e-05, -3.3189357054652646e-05, -3.160595224471763e-05, -3.002254743478261e-05, -2.8439144443836994e-05, -2.685574145289138e-05, -2.527233664295636e-05, -2.3688931833021343e-05, -2.2105528842075728e-05, -2.0522125851130113e-05, -1.8938721041195095e-05, -1.7355316231260076e-05, -1.577191324031446e-05, -1.4188509339874145e-05, -1.2605105439433828e-05, -1.1021701538993511e-05, -9.438297638553195e-06, -7.854893738112878e-06, -6.271489837672561e-06, -4.688085937232245e-06, -3.104682036791928e-06, -1.5212781363516115e-06, 6.212940206751227e-08, 1.645533302507829e-06, 3.2289372029481456e-06, 4.812341103388462e-06, 6.395745003828779e-06, 7.979148904269096e-06, 9.562552804709412e-06, 1.1145956705149729e-05, 1.2729360605590045e-05, 1.4312764506030362e-05, 1.589616840647068e-05, 1.7479571397416294e-05, 1.9062976207351312e-05, 2.064638101728633e-05, 2.2229784008231945e-05, 2.381318699917756e-05, 2.539659180911258e-05, 2.6979996619047597e-05, 2.8563399609993212e-05, 3.0146802600938827e-05, 3.1730207410873845e-05, 3.3313612220808864e-05, 3.4897013392765075e-05, 3.6480418202700093e-05, 3.806382301263511e-05, 3.964722782257013e-05, 4.123063263250515e-05, 4.281403380446136e-05, 4.439743861439638e-05, 4.59808434243314e-05, 4.756424459628761e-05, 4.9147649406222627e-05, 5.0731054216157645e-05]}, "gradients/fcl.weight": {"_type": "histogram", "values": [3.0, 1.0, 2.0, 1.0, 3.0, 1.0, 2.0, 2.0, 2.0, 4.0, 10.0, 8.0, 12.0, 23.0, 27.0, 43.0, 44.0, 53.0, 76.0, 89.0, 110.0, 183.0, 207.0, 280.0, 319.0, 447.0, 519.0, 566.0, 586.0, 515.0, 536.0, 3297.0, 2925.0, 534.0, 530.0, 572.0, 572.0, 511.0, 439.0, 316.0, 279.0, 208.0, 178.0, 113.0, 84.0, 78.0, 53.0, 45.0, 42.0, 26.0, 25.0, 11.0, 8.0, 11.0, 4.0, 2.0, 2.0, 2.0, 1.0, 2.0, 2.0, 2.0, 1.0, 3.0], "bins": [-8.322691428475082e-05, -8.062530105235055e-05, -7.802368781995028e-05, -7.54220673115924e-05, -7.282045407919213e-05, -7.021884084679186e-05, -6.76172276143916e-05, -6.501561438199133e-05, -6.241400114959106e-05, -5.981238791719079e-05, -5.7210771046811715e-05, -5.4609157814411446e-05, -5.200754458201118e-05, -4.94059277116321e-05, -4.6804314479231834e-05, -4.4202701246831566e-05, -4.160108437645249e-05, -3.899947114405222e-05, -3.639785427367315e-05, -3.379624104127288e-05, -3.119462780887261e-05, -2.859301275748294e-05, -2.5991397706093267e-05, -2.3389784473692998e-05, -2.0788169422303326e-05, -1.8186554370913655e-05, -1.5584941138513386e-05, -1.2983326087123714e-05, -1.0381711945228744e-05, -7.780097803333774e-06, -5.178482751944102e-06, -2.576869519543834e-06, 2.474553184583783e-08, 2.6263599011144834e-06, 5.227974270383129e-06, 7.82958886702545e-06, 1.043120300892042e-05, 1.303281715081539e-05, 1.5634432202205062e-05, 1.823604543460533e-05, 2.0837660485995002e-05, 2.3439275537384674e-05, 2.6040888769784942e-05, 2.8642503821174614e-05, 3.1244118872564286e-05, 3.3845732104964554e-05, 3.644734533736482e-05, 3.904895856976509e-05, 4.1650575440144166e-05, 4.4252188672544435e-05, 4.685380554292351e-05, 4.945541877532378e-05, 5.205703200772405e-05, 5.4658645240124315e-05, 5.726026211050339e-05, 5.986187534290366e-05, 6.246349221328273e-05, 6.5065105445683e-05, 6.766671867808327e-05, 7.026833191048354e-05, 7.286995241884142e-05, 7.547156565124169e-05, 7.807317888364196e-05, 8.067479211604223e-05, 8.32764053484425e-05]}, "loss": 0.5682104999624839, "accuracy": 0.9817913385826772, "val_loss": 0.7688628898726569, "val_accuracy": 0.7899305555555556, "epoch": 49, "_wandb": {"runtime": 98}}