{"loss": 9.13437271118164, "_runtime": 437, "_timestamp": 1630867153, "_step": 779, "accuracy": 0.65625, "gradients/fcl.bias": {"_type": "histogram", "values": [17860.0, 1.0, 0.0, 0.0, 0.0, 0.0, 0.0, 0.0, 0.0, 0.0, 0.0, 0.0, 0.0, 0.0, 0.0, 0.0, 0.0, 0.0, 0.0, 0.0, 0.0, 0.0, 1.0, 0.0, 0.0, 0.0, 0.0, 0.0, 0.0, 1.0, 0.0, 0.0, 0.0, 0.0, 0.0, 0.0, 0.0, 0.0, 0.0, 0.0, 0.0, 0.0, 0.0, 0.0, 0.0, 0.0, 0.0, 0.0, 0.0, 0.0, 0.0, 0.0, 0.0, 0.0, 0.0, 0.0, 0.0, 0.0, 0.0, 0.0, 0.0, 0.0, 0.0, 1.0], "bins": [2.77108713342552e-15, 1.1538019671630817e-11, 2.3073267255147023e-11, 3.460851744074844e-11, 4.614376589162639e-11, 5.767901434250433e-11, 6.921425932393532e-11, 8.074951124426022e-11, 9.228475622569121e-11, 1.0382000814601611e-10, 1.153552531274471e-10, 1.268904981088781e-10, 1.3842574309030908e-10, 1.4996100194952788e-10, 1.6149624693095888e-10, 1.7303150579017768e-10, 1.8456675077160867e-10, 1.9610199575303966e-10, 2.0763724073447065e-10, 2.1917249959368945e-10, 2.3070774457512044e-10, 2.4224300343433924e-10, 2.5377824841577024e-10, 2.6531349339720123e-10, 2.768487383786322e-10, 2.883839833600632e-10, 2.999192283414942e-10, 3.114544733229252e-10, 3.229897460599318e-10, 3.345249910413628e-10, 3.460602360227938e-10, 3.575954810042248e-10, 3.6913072598565577e-10, 3.8066597096708676e-10, 3.9220121594851776e-10, 4.0373646092994875e-10, 4.1527170591137974e-10, 4.2680697864838635e-10, 4.3834222362981734e-10, 4.4987746861124833e-10, 4.614127135926793e-10, 4.729479585741103e-10, 4.844832313111169e-10, 4.960184485369723e-10, 5.075537212739789e-10, 5.190889384998343e-10, 5.306242112368409e-10, 5.421594284626963e-10, 5.536947011997029e-10, 5.652299739367095e-10, 5.767651911625649e-10, 5.883004638995715e-10, 5.998356811254268e-10, 6.113709538624335e-10, 6.229061710882888e-10, 6.344414438252954e-10, 6.45976716562302e-10, 6.575119892993087e-10, 6.69047206525164e-10, 6.805824792621706e-10, 6.92117696488026e-10, 7.036529692250326e-10, 7.15188186450888e-10, 7.267234591878946e-10, 7.3825867641375e-10]}, "gradients/fcl.weight": {"_type": "histogram", "values": [1.0, 0.0, 0.0, 0.0, 1.0, 0.0, 1.0, 0.0, 1.0, 3.0, 3.0, 2.0, 2.0, 3.0, 8.0, 10.0, 14.0, 26.0, 49.0, 135.0, 134.0, 124.0, 202.0, 397.0, 673.0, 999.0, 1281.0, 16777216.0, 1222.0, 1476.0, 1725.0, 1339.0, 951.0, 708.0, 561.0, 489.0, 374.0, 256.0, 198.0, 161.0, 133.0, 104.0, 82.0, 78.0, 74.0, 41.0, 37.0, 31.0, 36.0, 27.0, 18.0, 14.0, 3.0, 6.0, 1.0, 2.0, 3.0, 2.0, 2.0, 0.0, 0.0, 0.0, 0.0, 2.0], "bins": [-7.001099144865464e-10, -6.746018743619686e-10, -6.490938897485421e-10, -6.235858496239644e-10, -5.980778094993866e-10, -5.725697693748089e-10, -5.470617292502311e-10, -5.215537446368046e-10, -4.960457045122268e-10, -4.705376643876491e-10, -4.4502965201864697e-10, -4.1952163964964484e-10, -3.940135995250671e-10, -3.6850555940048935e-10, -3.429975470314872e-10, -3.174895346624851e-10, -2.9198149453790734e-10, -2.664734544133296e-10, -2.4096544204432746e-10, -2.1545741579753752e-10, -1.8994938955074758e-10, -1.6444136330395764e-10, -1.389333370571677e-10, -1.1342531081037777e-10, -8.791728456358783e-11, -6.240925831679789e-11, -3.690123207000795e-11, -1.1393205823218011e-11, 1.4114820423571928e-11, 3.9622846670361866e-11, 6.51308729171518e-11, 9.063889916394174e-11, 1.1614698092188291e-10, 1.4165500716867285e-10, 1.671630334154628e-10, 1.9267105966225273e-10, 2.1817908590904267e-10, 2.436871260336204e-10, 2.6919513840262255e-10, 2.947031507716247e-10, 3.202111908962024e-10, 3.4571923102078017e-10, 3.712272433897823e-10, 3.9673525575878443e-10, 4.222432958833622e-10, 4.4775133600793993e-10, 4.732593206213664e-10, 4.987673607459442e-10, 5.242754008705219e-10, 5.497834409950997e-10, 5.752914811196774e-10, 6.007994657331039e-10, 6.263075058576817e-10, 6.518155459822594e-10, 6.77323530595686e-10, 7.028315707202637e-10, 7.283396108448414e-10, 7.538476509694192e-10, 7.793556910939969e-10, 8.048636757074235e-10, 8.303717158320012e-10, 8.558797559565789e-10, 8.813877405700055e-10, 9.068957806945832e-10, 9.32403820819161e-10]}}