{"pred": {"_type": "histogram", "values": [0, 0, 0, 0, 0, 0, 0, 0, 0, 0, 0, 0, 0, 0, 0, 0, 0, 0, 0, 0, 0, 0, 0, 0, 0, 0, 0, 0, 0, 0, 0, 0, 32, 0, 0, 0, 0, 0, 0, 0, 0, 0, 0, 0, 0, 0, 0, 0, 0, 0, 0, 0, 0, 0, 0, 0, 0, 0, 0, 0, 0, 0, 0, 0], "bins": [1.5, 1.515625, 1.53125, 1.546875, 1.5625, 1.578125, 1.59375, 1.609375, 1.625, 1.640625, 1.65625, 1.671875, 1.6875, 1.703125, 1.71875, 1.734375, 1.75, 1.765625, 1.78125, 1.796875, 1.8125, 1.828125, 1.84375, 1.859375, 1.875, 1.890625, 1.90625, 1.921875, 1.9375, 1.953125, 1.96875, 1.984375, 2.0, 2.015625, 2.03125, 2.046875, 2.0625, 2.078125, 2.09375, 2.109375, 2.125, 2.140625, 2.15625, 2.171875, 2.1875, 2.203125, 2.21875, 2.234375, 2.25, 2.265625, 2.28125, 2.296875, 2.3125, 2.328125, 2.34375, 2.359375, 2.375, 2.390625, 2.40625, 2.421875, 2.4375, 2.453125, 2.46875, 2.484375, 2.5]}, "_runtime": 148, "_timestamp": 1630944192, "_step": 12749, "true": {"_type": "histogram", "values": [7, 0, 0, 0, 0, 0, 0, 0, 0, 0, 20, 0, 0, 0, 0, 0, 0, 0, 0, 0, 0, 2, 0, 0, 0, 0, 0, 0, 0, 0, 0, 0, 0, 0, 0, 0, 0, 0, 0, 0, 0, 0, 0, 0, 0, 0, 0, 0, 0, 0, 0, 0, 0, 1, 0, 0, 0, 0, 0, 0, 0, 0, 0, 2], "bins": [1.0, 1.09375, 1.1875, 1.28125, 1.375, 1.46875, 1.5625, 1.65625, 1.75, 1.84375, 1.9375, 2.03125, 2.125, 2.21875, 2.3125, 2.40625, 2.5, 2.59375, 2.6875, 2.78125, 2.875, 2.96875, 3.0625, 3.15625, 3.25, 3.34375, 3.4375, 3.53125, 3.625, 3.71875, 3.8125, 3.90625, 4.0, 4.09375, 4.1875, 4.28125, 4.375, 4.46875, 4.5625, 4.65625, 4.75, 4.84375, 4.9375, 5.03125, 5.125, 5.21875, 5.3125, 5.40625, 5.5, 5.59375, 5.6875, 5.78125, 5.875, 5.96875, 6.0625, 6.15625, 6.25, 6.34375, 6.4375, 6.53125, 6.625, 6.71875, 6.8125, 6.90625, 7.0]}, "gradients/fcl.bias": {"_type": "histogram", "values": [1.0, 0.0, 0.0, 0.0, 0.0, 0.0, 0.0, 0.0, 0.0, 0.0, 0.0, 0.0, 0.0, 0.0, 0.0, 0.0, 0.0, 0.0, 0.0, 0.0, 0.0, 0.0, 0.0, 0.0, 0.0, 0.0, 0.0, 0.0, 0.0, 0.0, 0.0, 6.0, 0.0, 0.0, 0.0, 0.0, 0.0, 0.0, 0.0, 0.0, 0.0, 0.0, 0.0, 0.0, 0.0, 0.0, 0.0, 0.0, 0.0, 0.0, 0.0, 0.0, 0.0, 0.0, 0.0, 0.0, 0.0, 0.0, 0.0, 0.0, 0.0, 0.0, 0.0, 1.0], "bins": [-4.156890724971163e-07, -4.0251470068142226e-07, -3.893403004440188e-07, -3.7616592862832476e-07, -3.6299155681263073e-07, -3.4981715657522727e-07, -3.3664278475953324e-07, -3.234683845221298e-07, -3.1029401270643575e-07, -2.971196408907417e-07, -2.8394524065333826e-07, -2.7077086883764423e-07, -2.5759646860024077e-07, -2.4442209678454674e-07, -2.312477249688527e-07, -2.1807333894230396e-07, -2.0489895291575522e-07, -1.9172456688920647e-07, -1.7855018086265773e-07, -1.653758090469637e-07, -1.5220142302041495e-07, -1.390270369938662e-07, -1.2585266517817217e-07, -1.1267827915162343e-07, -9.950389312507468e-08, -8.632950709852594e-08, -7.315512817740455e-08, -5.998074925628316e-08, -4.6806363229734416e-08, -3.363197720318567e-08, -2.0457598282064282e-08, -7.283219360942894e-09, 5.8911666656058514e-09, 1.9065549139440918e-08, 3.2239931613275985e-08, 4.541431408711105e-08, 5.858869656094612e-08, 7.176308258749486e-08, 8.493746150861625e-08, 9.811184042973764e-08, 1.1128622645628639e-07, 1.2446061248283513e-07, 1.3763499850938388e-07, 1.508093703250779e-07, 1.6398375635162665e-07, 1.771581423781754e-07, 1.9033251419386943e-07, 2.0350690022041817e-07, 2.1668128624696692e-07, 2.2985567227351567e-07, 2.430300583000644e-07, 2.5620443011575844e-07, 2.6937880193145247e-07, 2.8255320216885593e-07, 2.9572757398454996e-07, 3.089019742219534e-07, 3.2207634603764745e-07, 3.352507178533415e-07, 3.4842511809074495e-07, 3.61599489906439e-07, 3.7477389014384244e-07, 3.8794826195953647e-07, 4.011226337752305e-07, 4.1429700559092453e-07, 4.27471405828328e-07]}, "gradients/fcl.weight": {"_type": "histogram", "values": [1.0, 0.0, 1.0, 0.0, 0.0, 0.0, 2.0, 2.0, 3.0, 1.0, 7.0, 8.0, 8.0, 13.0, 17.0, 20.0, 33.0, 37.0, 62.0, 121.0, 137.0, 106.0, 126.0, 167.0, 388.0, 419.0, 626.0, 630.0, 740.0, 586.0, 532.0, 31646.0, 525.0, 580.0, 662.0, 696.0, 631.0, 460.0, 466.0, 237.0, 121.0, 106.0, 108.0, 142.0, 104.0, 56.0, 28.0, 32.0, 20.0, 14.0, 13.0, 7.0, 8.0, 7.0, 1.0, 3.0, 3.0, 1.0, 0.0, 0.0, 0.0, 1.0, 0.0, 1.0], "bins": [-5.812795507154078e-07, -5.629393626804813e-07, -5.445991178021359e-07, -5.262588729237905e-07, -5.079186848888639e-07, -4.895784968539374e-07, -4.71238251975592e-07, -4.52898035518956e-07, -4.3455781906232005e-07, -4.162176026056841e-07, -3.978773861490481e-07, -3.7953716969241214e-07, -3.6119695323577616e-07, -3.428567367791402e-07, -3.245165203225042e-07, -3.0617630386586825e-07, -2.878360874092323e-07, -2.694958709525963e-07, -2.5115565449596033e-07, -2.3281543803932436e-07, -2.144752215826884e-07, -1.9613500512605242e-07, -1.7779478866941645e-07, -1.5945457221278048e-07, -1.411143557561445e-07, -1.2277413929950853e-07, -1.0443392284287256e-07, -8.609370638623659e-08, -6.775348992960062e-08, -4.941327347296465e-08, -3.1073057016328676e-08, -1.2732840559692704e-08, 5.607432740362128e-09, 2.39476491969981e-08, 4.228786565363407e-08, 6.062808211027004e-08, 7.896829856690601e-08, 9.730851502354199e-08, 1.1564873148017796e-07, 1.3398894793681393e-07, 1.523291643934499e-07, 1.7066938085008587e-07, 1.8900959730672184e-07, 2.0734981376335782e-07, 2.256900302199938e-07, 2.4403024667662976e-07, 2.6237046313326573e-07, 2.807106795899017e-07, 2.9905089604653767e-07, 3.1739111250317364e-07, 3.357313289598096e-07, 3.540715454164456e-07, 3.7241176187308156e-07, 3.9075197832971753e-07, 4.090921947863535e-07, 4.274324112429895e-07, 4.4577262769962545e-07, 4.641128441562614e-07, 4.824530606128974e-07, 5.007932486478239e-07, 5.191334935261693e-07, 5.374737384045147e-07, 5.558139264394413e-07, 5.741541144743678e-07, 5.924943593527132e-07]}, "loss": 1.6886253263068012, "accuracy": 0.5853838582677166, "val_loss": 1.6895185775227017, "val_accuracy": 0.5844907407407407, "epoch": 49, "_wandb": {"runtime": 148}}