{"gradients/fcl.bias": {"_type": "histogram", "values": [17860.0, 0.0, 0.0, 0.0, 0.0, 0.0, 0.0, 0.0, 0.0, 0.0, 0.0, 1.0, 0.0, 0.0, 0.0, 0.0, 0.0, 0.0, 0.0, 0.0, 0.0, 0.0, 0.0, 0.0, 0.0, 0.0, 0.0, 0.0, 0.0, 0.0, 0.0, 0.0, 0.0, 0.0, 0.0, 0.0, 0.0, 0.0, 0.0, 0.0, 0.0, 1.0, 0.0, 0.0, 0.0, 0.0, 0.0, 0.0, 0.0, 0.0, 0.0, 0.0, 0.0, 0.0, 0.0, 0.0, 0.0, 1.0, 0.0, 0.0, 0.0, 0.0, 0.0, 1.0], "bins": [-1.8596547370595962e-13, 1.0098904134822617e-12, 2.2057464361957546e-12, 3.4016023504890303e-12, 4.597458264782306e-12, 5.7933141790755815e-12, 6.989170093368857e-12, 8.185025573981264e-12, 9.38088148827454e-12, 1.0576737402567815e-11, 1.177259331686109e-11, 1.2968449231154366e-11, 1.4164305145447642e-11, 1.5360161059740918e-11, 1.6556016974034193e-11, 1.775187288832747e-11, 1.8947728802620745e-11, 2.014358471691402e-11, 2.1339440631207296e-11, 2.253529654550057e-11, 2.3731152459793847e-11, 2.4927008374087123e-11, 2.61228642883804e-11, 2.7318720202673674e-11, 2.851457611696695e-11, 2.9710432031260225e-11, 3.09062879455535e-11, 3.2102143859846777e-11, 3.329799977414005e-11, 3.449385568843333e-11, 3.5689711602726604e-11, 3.688556751701988e-11, 3.808142690076011e-11, 3.927728281505338e-11, 4.047313872934666e-11, 4.1668994643639934e-11, 4.286485055793321e-11, 4.4060706472226485e-11, 4.525656238651976e-11, 4.6452418300813036e-11, 4.764827421510631e-11, 4.884413012939959e-11, 5.0039986043692863e-11, 5.123584195798614e-11, 5.2431697872279415e-11, 5.362755378657269e-11, 5.4823409700865966e-11, 5.601926561515924e-11, 5.721512152945252e-11, 5.841097744374579e-11, 5.960683335803907e-11, 6.080268927233234e-11, 6.199854518662562e-11, 6.31944011009189e-11, 6.439025701521217e-11, 6.558611292950545e-11, 6.678196884379872e-11, 6.7977824758092e-11, 6.917368067238527e-11, 7.036953658667855e-11, 7.156539250097183e-11, 7.27612484152651e-11, 7.395710432955838e-11, 7.515296024385165e-11, 7.634881615814493e-11]}, "gradients/fcl.weight": {"_type": "histogram", "values": [1.0, 5.0, 2.0, 8.0, 10.0, 20.0, 69.0, 234.0, 289.0, 265.0, 305.0, 429.0, 409.0, 503.0, 570.0, 828.0, 1209.0, 16777216.0, 1920.0, 1888.0, 1458.0, 1155.0, 865.0, 666.0, 670.0, 748.0, 695.0, 593.0, 684.0, 435.0, 465.0, 349.0, 303.0, 272.0, 204.0, 167.0, 172.0, 112.0, 96.0, 94.0, 65.0, 63.0, 44.0, 35.0, 38.0, 27.0, 24.0, 13.0, 10.0, 5.0, 6.0, 5.0, 7.0, 5.0, 1.0, 2.0, 1.0, 1.0, 1.0, 0.0, 0.0, 0.0, 1.0, 1.0], "bins": [-3.728821765247581e-11, -3.5212829180286676e-11, -3.313744070809754e-11, -3.106205223590841e-11, -2.8986663763719278e-11, -2.6911275291530146e-11, -2.483588855406449e-11, -2.2760500081875357e-11, -2.0685111609686224e-11, -1.8609723137497092e-11, -1.653433466530796e-11, -1.4458947060480565e-11, -1.2383558588291432e-11, -1.03081701161023e-11, -8.232782511274905e-12, -6.157394039085773e-12, -4.08200556689664e-12, -2.0066173115479424e-12, 6.877094380075555e-14, 2.144158982309019e-12, 4.2195474544981515e-12, 6.294935926687284e-12, 8.370323531514678e-12, 1.0445712003703811e-11, 1.2521100475892943e-11, 1.4596488948082076e-11, 1.6671877420271208e-11, 1.8747264157736865e-11, 2.0822652629925997e-11, 2.289804110211513e-11, 2.4973429574304262e-11, 2.7048818046493395e-11, 2.912420998812948e-11, 3.119959846031861e-11, 3.3274986932507744e-11, 3.5350375404696877e-11, 3.742576387688601e-11, 3.950115234907514e-11, 4.1576540821264274e-11, 4.3651929293453406e-11, 4.572731776564254e-11, 4.780270623783167e-11, 4.9878094710020804e-11, 5.1953483182209936e-11, 5.402887165439907e-11, 5.61042601265882e-11, 5.8179648598777334e-11, 6.025503707096647e-11, 6.23304186042617e-11, 6.440580707645083e-11, 6.648119554863996e-11, 6.855658402082909e-11, 7.063197249301822e-11, 7.270736096520736e-11, 7.478274943739649e-11, 7.685813790958562e-11, 7.893352638177475e-11, 8.100891485396389e-11, 8.308430332615302e-11, 8.515969179834215e-11, 8.723508027053128e-11, 8.931046874272042e-11, 9.138585721490955e-11, 9.346124568709868e-11, 9.553663415928781e-11]}, "loss": 9.125745176657652, "accuracy": 0.6739583333333333, "val_loss": 9.106677569315105, "val_accuracy": 0.6839446107784432, "epoch": 0, "_runtime": 437, "_timestamp": 1630922702, "_step": 0}