{"graph": {"_type": "graph-file", "path": "media/graph/graph_summary_ca61f56d33f10f2d6da4.graph.json", "sha256": "ca61f56d33f10f2d6da41355e3e13e15927146a3d02486a15a86ef72fa60d8d1", "size": 5517}, "epoch": 5, "loss": 0.4691847264766693, "accuracy": 0.8275623917579651, "val_loss": 2.298008680343628, "val_accuracy": 0.5472636818885803, "_runtime": 753, "_timestamp": 1629987331, "_step": 5, "best_val_loss": 1.6647714376449585, "best_epoch": 0}