{"pred": {"_type": "histogram", "values": [25, 0, 0, 0, 0, 0, 0, 0, 0, 0, 0, 0, 0, 0, 0, 0, 0, 0, 0, 0, 0, 0, 0, 0, 0, 0, 0, 0, 0, 0, 0, 0, 3, 0, 0, 0, 0, 0, 0, 0, 0, 0, 0, 0, 0, 0, 0, 0, 0, 0, 0, 0, 0, 0, 0, 0, 0, 0, 0, 0, 0, 0, 0, 4], "bins": [0.0, 0.03125, 0.0625, 0.09375, 0.125, 0.15625, 0.1875, 0.21875, 0.25, 0.28125, 0.3125, 0.34375, 0.375, 0.40625, 0.4375, 0.46875, 0.5, 0.53125, 0.5625, 0.59375, 0.625, 0.65625, 0.6875, 0.71875, 0.75, 0.78125, 0.8125, 0.84375, 0.875, 0.90625, 0.9375, 0.96875, 1.0, 1.03125, 1.0625, 1.09375, 1.125, 1.15625, 1.1875, 1.21875, 1.25, 1.28125, 1.3125, 1.34375, 1.375, 1.40625, 1.4375, 1.46875, 1.5, 1.53125, 1.5625, 1.59375, 1.625, 1.65625, 1.6875, 1.71875, 1.75, 1.78125, 1.8125, 1.84375, 1.875, 1.90625, 1.9375, 1.96875, 2.0]}, "_runtime": 156, "_timestamp": 1631018655, "_step": 12749, "true": {"_type": "histogram", "values": [23, 0, 0, 0, 0, 0, 0, 0, 0, 0, 0, 0, 0, 0, 0, 0, 0, 0, 0, 0, 0, 0, 0, 0, 0, 0, 0, 0, 0, 0, 0, 0, 4, 0, 0, 0, 0, 0, 0, 0, 0, 0, 0, 0, 0, 0, 0, 0, 0, 0, 0, 0, 0, 0, 0, 0, 0, 0, 0, 0, 0, 0, 0, 5], "bins": [0.0, 0.03125, 0.0625, 0.09375, 0.125, 0.15625, 0.1875, 0.21875, 0.25, 0.28125, 0.3125, 0.34375, 0.375, 0.40625, 0.4375, 0.46875, 0.5, 0.53125, 0.5625, 0.59375, 0.625, 0.65625, 0.6875, 0.71875, 0.75, 0.78125, 0.8125, 0.84375, 0.875, 0.90625, 0.9375, 0.96875, 1.0, 1.03125, 1.0625, 1.09375, 1.125, 1.15625, 1.1875, 1.21875, 1.25, 1.28125, 1.3125, 1.34375, 1.375, 1.40625, 1.4375, 1.46875, 1.5, 1.53125, 1.5625, 1.59375, 1.625, 1.65625, 1.6875, 1.71875, 1.75, 1.78125, 1.8125, 1.84375, 1.875, 1.90625, 1.9375, 1.96875, 2.0]}, "gradients/fcl.bias": {"_type": "histogram", "values": [1.0, 0.0, 0.0, 0.0, 0.0, 0.0, 0.0, 0.0, 0.0, 0.0, 0.0, 0.0, 0.0, 0.0, 0.0, 0.0, 0.0, 0.0, 0.0, 0.0, 0.0, 0.0, 0.0, 0.0, 0.0, 0.0, 0.0, 0.0, 0.0, 0.0, 0.0, 1.0, 0.0, 0.0, 0.0, 0.0, 0.0, 0.0, 0.0, 0.0, 0.0, 0.0, 0.0, 0.0, 0.0, 0.0, 0.0, 0.0, 0.0, 0.0, 0.0, 0.0, 0.0, 0.0, 0.0, 0.0, 0.0, 0.0, 0.0, 0.0, 0.0, 0.0, 0.0, 1.0], "bins": [-0.01818281225860119, -0.01760907843708992, -0.017035342752933502, -0.016461608931422234, -0.015887873247265816, -0.015314139425754547, -0.014740404672920704, -0.01416666992008686, -0.013592935167253017, -0.013019200414419174, -0.012445465661585331, -0.011871730908751488, -0.011297997087240219, -0.010724261403083801, -0.010150527581572533, -0.00957679282873869, -0.009003058075904846, -0.008429323323071003, -0.00785558857023716, -0.007281854283064604, -0.006708119530230761, -0.006134384777396917, -0.005560650490224361, -0.004986915737390518, -0.004413180984556675, -0.0038394462317228317, -0.003265711711719632, -0.0026919771917164326, -0.0021182424388825893, -0.0015445076860487461, -0.0009707731660455465, -0.00039703864604234695, 0.0001766979694366455, 0.0007504326058551669, 0.0013241672422736883, 0.0018979018786922097, 0.002471636515110731, 0.0030453712679445744, 0.003619105787947774, 0.0041928403079509735, 0.004766575060784817, 0.00534030981361866, 0.005914044566452503, 0.006487778853625059, 0.007061513606458902, 0.007635248359292746, 0.008208982646465302, 0.008782717399299145, 0.009356452152132988, 0.009930186904966831, 0.010503921657800674, 0.011077656410634518, 0.011651391163468361, 0.01222512498497963, 0.012798859737813473, 0.013372594490647316, 0.01394632924348116, 0.014520063996315002, 0.015093798749148846, 0.01566753350198269, 0.016241267323493958, 0.016815003007650375, 0.017388736829161644, 0.017962470650672913, 0.01853620633482933]}, "gradients/fcl.weight": {"_type": "histogram", "values": [1.0, 2.0, 5.0, 3.0, 5.0, 3.0, 10.0, 20.0, 15.0, 15.0, 29.0, 28.0, 38.0, 38.0, 64.0, 67.0, 67.0, 105.0, 137.0, 154.0, 188.0, 238.0, 295.0, 293.0, 321.0, 362.0, 381.0, 442.0, 450.0, 489.0, 482.0, 3569.0, 2576.0, 476.0, 480.0, 449.0, 405.0, 372.0, 364.0, 315.0, 302.0, 262.0, 221.0, 177.0, 164.0, 141.0, 105.0, 67.0, 74.0, 55.0, 44.0, 36.0, 33.0, 26.0, 22.0, 13.0, 19.0, 16.0, 5.0, 6.0, 0.0, 4.0, 6.0, 1.0], "bins": [-0.02092503383755684, -0.020270220935344696, -0.019615406170487404, -0.01896059326827526, -0.01830577850341797, -0.017650965601205826, -0.016996152698993683, -0.01634133793413639, -0.015686525031924248, -0.01503171119838953, -0.014376897364854813, -0.01372208446264267, -0.013067270629107952, -0.012412456795573235, -0.011757642962038517, -0.0111028291285038, -0.010448015294969082, -0.009793201461434364, -0.009138387627899647, -0.00848357379436493, -0.007828760892152786, -0.007173947058618069, -0.006519133225083351, -0.005864319857209921, -0.005209506023675203, -0.004554692190140486, -0.0038998788222670555, -0.003245064988732338, -0.002590251388028264, -0.0019354377873241901, -0.0012806239537894726, -0.0006258105859160423, 2.9003247618675232e-05, 0.00068381690653041, 0.0013386305654421449, 0.0019934442825615406, 0.0026482578832656145, 0.0033030714839696884, 0.003957885317504406, 0.004612698685377836, 0.005267512518912554, 0.005922326352447271, 0.006577139720320702, 0.007231953553855419, 0.007886767387390137, 0.00854158028960228, 0.009196395054459572, 0.009851207956671715, 0.010506021790206432, 0.01116083562374115, 0.011815649457275867, 0.012470463290810585, 0.013125276193022728, 0.013780090026557446, 0.014434903860092163, 0.015089716762304306, 0.015744531527161598, 0.01639934442937374, 0.017054159194231033, 0.017708972096443176, 0.01836378686130047, 0.01901859976351261, 0.019673414528369904, 0.020328227430582047, 0.02098304033279419]}, "loss": 0.6377267152305663, "accuracy": 0.9392224409448819, "val_loss": 0.8177492066665932, "val_accuracy": 0.7430555555555556, "epoch": 49, "_wandb": {"runtime": 157}}