{"gradients/fcl.bias": {"_type": "histogram", "values": [17860.0, 1.0, 0.0, 0.0, 0.0, 2.0, 0.0, 0.0, 0.0, 0.0, 0.0, 0.0, 0.0, 0.0, 0.0, 0.0, 0.0, 0.0, 0.0, 0.0, 0.0, 0.0, 0.0, 0.0, 0.0, 0.0, 0.0, 0.0, 0.0, 0.0, 0.0, 0.0, 0.0, 0.0, 0.0, 0.0, 0.0, 0.0, 0.0, 0.0, 0.0, 0.0, 0.0, 0.0, 0.0, 0.0, 0.0, 0.0, 0.0, 0.0, 0.0, 0.0, 0.0, 0.0, 0.0, 0.0, 0.0, 0.0, 0.0, 0.0, 0.0, 0.0, 0.0, 1.0], "bins": [8.814321410884236e-15, 6.377035618315707e-12, 1.2745257106649976e-11, 1.9113478161303377e-11, 2.5481700083318515e-11, 3.184992200533365e-11, 3.821814392734879e-11, 4.458636584936393e-11, 5.095458777137907e-11, 5.7322809693394206e-11, 6.369103161540934e-11, 7.005925006797753e-11, 7.642747545943962e-11, 8.27956939120078e-11, 8.916391236457599e-11, 9.553213775603808e-11, 1.0190035620860627e-10, 1.0826857466117445e-10, 1.1463680005263654e-10, 1.2100502544409864e-10, 1.2737323695777292e-10, 1.33741462349235e-10, 1.401096877406971e-10, 1.464779131321592e-10, 1.5284612464583347e-10, 1.5921435003729556e-10, 1.6558256155096984e-10, 1.7195078694243193e-10, 1.7831901233389402e-10, 1.846872377253561e-10, 1.910554492390304e-10, 1.9742367463049248e-10, 2.0379191389974238e-10, 2.1016013929120447e-10, 2.1652835080487876e-10, 2.2289657619634085e-10, 2.2926480158780294e-10, 2.356330131014772e-10, 2.420012523707271e-10, 2.483694638844014e-10, 2.547376753980757e-10, 2.6110588691174996e-10, 2.6747412618099986e-10, 2.7384233769467414e-10, 2.802105492083484e-10, 2.865787884775983e-10, 2.929469999912726e-10, 2.993152392605225e-10, 3.056834507741968e-10, 3.1205166228787107e-10, 3.1841990155712097e-10, 3.2478811307079525e-10, 3.3115632458446953e-10, 3.3752456385371943e-10, 3.438927753673937e-10, 3.50260986881068e-10, 3.566292261503179e-10, 3.6299743766399217e-10, 3.6936567693324207e-10, 3.7573388844691635e-10, 3.8210209996059064e-10, 3.8847033922984053e-10, 3.948385507435148e-10, 4.012067900127647e-10, 4.07575001526439e-10]}, "gradients/fcl.weight": {"_type": "histogram", "values": [1.0, 1.0, 0.0, 1.0, 2.0, 1.0, 0.0, 2.0, 2.0, 0.0, 2.0, 1.0, 4.0, 5.0, 15.0, 72.0, 149.0, 140.0, 175.0, 162.0, 162.0, 127.0, 157.0, 192.0, 255.0, 16777216.0, 8011.0, 1903.0, 583.0, 186.0, 219.0, 246.0, 221.0, 182.0, 182.0, 225.0, 219.0, 243.0, 176.0, 123.0, 98.0, 89.0, 76.0, 83.0, 63.0, 48.0, 34.0, 29.0, 36.0, 29.0, 19.0, 31.0, 15.0, 16.0, 14.0, 11.0, 26.0, 14.0, 6.0, 4.0, 3.0, 1.0, 5.0, 3.0], "bins": [-2.945808597054622e-10, -2.832268863883769e-10, -2.718729408268672e-10, -2.6051896750978187e-10, -2.4916499419269655e-10, -2.3781104863118685e-10, -2.2645707531410153e-10, -2.1510311587480402e-10, -2.037491564355065e-10, -1.92395196996209e-10, -1.8104122367912368e-10, -1.6968726423982616e-10, -1.5833330480052865e-10, -1.4697934536123114e-10, -1.3562537204414582e-10, -1.242714126048483e-10, -1.1291743928776299e-10, -1.0156347290957157e-10, -9.020951347027406e-11, -7.885554709208265e-11, -6.750158765278513e-11, -5.614762127459372e-11, -4.47936548964023e-11, -3.343969545710479e-11, -2.2085729078913374e-11, -1.0731765302807172e-11, 6.221984732990293e-13, 1.1976163116766969e-11, 2.3330126025511433e-11, 3.4684088934255897e-11, 4.603805531244731e-11, 5.7392014751744824e-11, 6.874598112993624e-11, 8.009994750812766e-11, 9.145390694742517e-11, 1.0280787332561658e-10, 1.141618327649141e-10, 1.255157922042116e-10, 1.3686976552129693e-10, 1.4822372496059444e-10, 1.5957768439989195e-10, 1.7093164383918946e-10, 1.8228561715627478e-10, 1.936395765955723e-10, 2.049935360348698e-10, 2.1634749547416732e-10, 2.2770146879125264e-10, 2.3905544210833796e-10, 2.504094154254233e-10, 2.617633887425086e-10, 2.731173343040183e-10, 2.844713076211036e-10, 2.9582528093818894e-10, 3.0717922649969864e-10, 3.1853319981678396e-10, 3.298871731338693e-10, 3.41241118695379e-10, 3.525950920124643e-10, 3.63949037573974e-10, 3.7530301089105933e-10, 3.8665698420814465e-10, 3.9801092976965435e-10, 4.0936490308673967e-10, 4.207188486482494e-10, 4.320728219653347e-10]}, "loss": 9.087221397497714, "accuracy": 0.7080929487179487, "val_loss": 9.122396172163729, "val_accuracy": 0.6682260479041916, "epoch": 0, "_runtime": 550, "_timestamp": 1630922043, "_step": 0}